Time,Depth 1,Load 1,Depth 2,Load 2,Depth 3,Load 3,Depth 4,Load 4
0,0,0,0,0,0,0,0,0
0.01021,0.24947,1.48E-04,0.09127,2.54E-04,0.06503,-1.99E-05,0.55201,1.59E-04
0.02022,0.87581,2.71E-04,0.19293,2.42E-04,-0.3258,1.78E-04,0.51959,2.75E-04
0.03404,1.00556,0.00211,0.64269,0.00241,0.40009,0.00212,0.50446,0.00202
0.045,1.92345,0.00428,1.46037,0.00433,0.78408,0.00382,1.00825,0.00454
0.05501,2.90865,0.00613,1.65564,0.00705,1.38882,0.00617,2.36084,0.0062
0.06593,4.03017,0.00823,2.53605,0.00836,1.76108,0.00834,3.04099,0.00858
0.0769,4.76266,0.01041,2.47912,0.01052,1.82675,0.01059,3.36032,0.01054
0.08787,5.15159,0.01246,2.94021,0.0131,2.12972,0.01267,4.04896,0.01244
0.09894,5.83471,0.01416,3.9593,0.01482,2.29639,0.0145,4.70517,0.01404
0.1099,5.75225,0.01676,4.22289,0.01688,2.70922,0.01679,4.67802,0.01689
0.11994,6.33235,0.01886,4.33918,0.01965,3.2453,0.01911,5.34589,0.01865
0.12995,6.38235,0.02075,4.60766,0.02086,3.29843,0.02098,5.6323,0.02065
0.14087,6.54689,0.02234,4.9017,0.02318,4.08737,0.02318,6.33865,0.02286
0.15089,6.44852,0.02527,4.9205,0.02478,4.07866,0.02507,7.05634,0.02489
0.16187,7.10933,0.02719,5.8291,0.02738,4.10717,0.02709,7.32488,0.02659
0.17287,7.15764,0.02992,6.03768,0.02983,4.4953,0.02911,7.42514,0.02925
0.18381,7.93001,0.03147,6.05234,0.03204,5.03431,0.03141,7.93249,0.03146
0.1948,7.72724,0.03368,6.0046,0.03351,5.47205,0.03336,8.20199,0.03347
0.20577,8.07465,0.03579,6.49884,0.03571,6.01234,0.03588,8.71525,0.03554
0.21682,7.92563,0.038,6.57491,0.03777,6.26749,0.03739,8.96705,0.03748
0.22776,8.18825,0.03967,6.842,0.03996,6.35355,0.03968,9.24787,0.04005
0.23865,8.63282,0.04232,6.45619,0.04203,6.606,0.04137,10.08401,0.04178
0.24957,8.72104,0.04447,7.02037,0.04412,6.73091,0.04405,10.1614,0.04375
0.25967,8.65599,0.04679,7.45906,0.04617,6.95141,0.04606,10.45163,0.04638
0.27072,9.00819,0.04868,7.72971,0.04854,7.11721,0.04796,11.1037,0.04786
0.28074,9.46949,0.05068,7.72673,0.05021,7.1424,0.04999,11.20525,0.05007
0.29166,9.21108,0.05242,8.03834,0.05263,7.13435,0.05215,11.40204,0.052
0.30265,9.25562,0.05505,7.88652,0.05492,7.74941,0.05434,11.56603,0.05376
0.31359,9.56854,0.05717,8.40316,0.05699,7.6668,0.05697,12.23424,0.0564
0.32366,9.89598,0.05858,8.77589,0.05931,8.11189,0.05862,12.42779,0.0583
0.33459,9.8283,0.06124,8.87602,0.06127,7.86254,0.06132,12.47852,0.06019
0.34465,9.93388,0.06335,9.33972,0.06354,8.37345,0.06329,13.03799,0.06265
0.35553,10.3973,0.06572,9.20294,0.06538,8.0235,0.06469,13.14967,0.06459
0.36652,10.53363,0.0677,9.42712,0.06827,8.084,0.06708,13.19589,0.0668
0.37739,10.65138,0.06942,9.55771,0.06992,8.2773,0.06912,13.88675,0.06886
0.38749,11.1287,0.07172,9.45992,0.07176,8.77647,0.07122,14.08279,0.07046
0.3985,11.07614,0.07404,9.93337,0.074,8.44034,0.07337,14.3679,0.07319
0.40941,10.77564,0.07647,10.04803,0.07606,9.04807,0.0754,14.26072,0.07532
0.41948,11.3243,0.07797,10.29496,0.07821,9.04063,0.07744,14.4821,0.07726
0.43036,11.26263,0.08038,10.06548,0.0804,9.20998,0.07916,14.8102,0.07906
0.44135,11.80996,0.08212,10.56664,0.08238,9.24035,0.08156,15.30687,0.08153
0.45145,12.08772,0.08468,10.17279,0.08434,9.86975,0.08345,15.38092,0.08352
0.46235,11.88338,0.08668,10.58002,0.08635,10.31227,0.08583,15.67082,0.0859
0.47327,12.00615,0.08932,10.81852,0.08857,10.18241,0.0879,15.87884,0.088
0.4833,12.16832,0.09075,11.09706,0.09052,10.73928,0.08988,15.99594,0.09044
0.4943,12.30177,0.09302,11.06808,0.0933,10.54018,0.09188,16.54343,0.09244
0.50524,12.4321,0.09548,11.74888,0.09487,10.51425,0.09396,16.93558,0.09415
0.51526,12.42295,0.0972,11.51255,0.09702,10.76089,0.09616,17.05599,0.09646
0.52527,12.88865,0.0992,11.54922,0.09918,11.41715,0.09817,17.10382,0.09868
0.53625,12.9533,0.10112,11.62001,0.10138,11.56796,0.10064,17.60278,0.10079
0.54625,13.14216,0.10302,11.83997,0.10368,11.29952,0.10242,18.14099,0.10286
0.55724,13.25303,0.10551,12.02069,0.10553,11.73433,0.10451,18.12021,0.10503
0.5682,13.06408,0.10756,12.3661,0.10765,11.74237,0.10676,18.6033,0.107
0.57906,13.0841,0.10978,12.54187,0.10965,11.76985,0.10889,18.84079,0.10932
0.59004,13.4039,0.11161,12.58503,0.11207,11.78315,0.11089,19.00287,0.11116
0.60098,13.5263,0.11427,12.98707,0.1141,12.10208,0.11304,19.21194,0.11346
0.61101,13.5886,0.1162,13.14204,0.11622,11.81745,0.11491,19.01748,0.1154
0.6219,13.88547,0.11783,13.31788,0.11821,12.31434,0.11707,19.27826,0.11727
0.63196,13.83171,0.12023,12.81874,0.12028,11.87267,0.11935,19.63101,0.12023
0.64293,13.77443,0.1225,13.32436,0.12231,11.93543,0.12161,20.09049,0.12173
0.65395,14.20454,0.12459,13.41627,0.12459,12.41225,0.12369,20.3146,0.12372
0.66402,14.39058,0.12678,13.88907,0.12667,12.60256,0.12586,20.73793,0.12617
0.67501,14.17998,0.12894,13.78113,0.12894,12.75346,0.12789,20.89967,0.12846
0.68591,14.60435,0.13067,14.10476,0.13064,12.16482,0.13051,20.74719,0.13043
0.69595,14.65562,0.13305,13.97121,0.13307,12.60159,0.13207,21.38734,0.1324
0.70691,14.71178,0.13528,14.23375,0.13519,12.67704,0.13408,20.90671,0.135
0.71789,15.14058,0.13719,14.59615,0.13724,13.00138,0.13639,21.23512,0.13679
0.7279,15.27038,0.13945,14.41118,0.14011,13.12534,0.13839,21.45383,0.13896
0.7388,15.08456,0.14164,15.1703,0.14157,13.47858,0.14042,22.20391,0.14111
0.74882,15.44185,0.14332,14.98499,0.14431,13.61944,0.14232,21.87441,0.14329
0.75978,15.34533,0.14576,15.38695,0.14596,14.04415,0.14451,22.41974,0.14551
0.77078,15.42188,0.14796,14.77894,0.14799,13.80201,0.14653,22.37729,0.14743
0.7817,15.88119,0.15017,15.55267,0.14979,14.42452,0.14878,22.42683,0.14952
0.79173,15.51574,0.15212,15.32188,0.15235,14.27812,0.15088,22.50541,0.1517
0.80173,15.63925,0.15412,15.45061,0.15427,14.3959,0.15304,22.99766,0.15376
0.81268,16.04326,0.15685,15.77066,0.15657,14.30528,0.1545,23.0048,0.15562
0.82363,16.11892,0.15849,15.89873,0.15851,14.57328,0.15716,23.27238,0.15769
0.83468,16.10275,0.16071,15.4606,0.1602,14.31068,0.15971,23.48753,0.16003
0.8455,16.68087,0.1629,16.11645,0.1629,14.93253,0.16155,23.26654,0.16195
0.85552,16.41283,0.16488,16.17076,0.16463,15.13588,0.16359,23.54641,0.16408
0.86559,16.49862,0.1668,16.09888,0.16678,14.69228,0.16566,24.2952,0.16628
0.87573,16.35938,0.16886,16.08517,0.16931,14.9742,0.16802,24.30095,0.16845
0.88666,16.39921,0.17136,16.55537,0.17119,15.00879,0.17013,24.32979,0.1706
0.89666,16.99657,0.17311,16.53883,0.17317,15.07801,0.17229,24.58936,0.17256
0.90768,17.196,0.17509,16.93558,0.17526,15.18197,0.17433,24.94689,0.17458
0.91849,16.98261,0.17689,16.81755,0.17754,14.90931,0.17698,25.08124,0.17654
0.92859,16.96744,0.17944,16.99113,0.17955,15.23948,0.17866,24.8443,0.17867
0.93955,17.32243,0.18147,17.38658,0.18163,15.62275,0.18082,25.10354,0.18077
0.94964,17.63482,0.18355,17.23509,0.1839,15.57129,0.18237,25.35851,0.18347
0.96046,17.6152,0.18579,17.49934,0.18586,16.06082,0.18486,26.00124,0.18472
0.97052,17.67935,0.18767,17.66923,0.18806,16.3175,0.18698,25.59147,0.18705
0.98149,17.59911,0.1899,17.97664,0.1902,16.56769,0.18896,26.00824,0.18908
0.99234,17.76684,0.19208,17.87788,0.1922,16.66031,0.19106,26.07259,0.19136
1.00341,17.99959,0.19422,18.0118,0.1942,16.23874,0.19335,26.72107,0.19344
1.01434,18.10567,0.19598,17.80831,0.19636,16.51614,0.19558,26.74334,0.19557
1.02437,17.98943,0.19838,18.31564,0.19834,16.96221,0.19765,26.69675,0.19768
1.03526,18.31232,0.20063,18.29122,0.20057,16.78927,0.19996,26.93746,0.19994
1.04527,18.37424,0.2026,18.41507,0.20215,16.62418,0.20182,27.3264,0.20184
1.05625,18.78525,0.2049,18.44622,0.2047,16.91192,0.2041,27.03315,0.20414
1.06725,18.74896,0.20699,18.68349,0.2066,17.22977,0.20613,27.2144,0.2062
1.07823,18.65115,0.20924,18.78581,0.20864,17.57491,0.20828,27.33085,0.20856
1.08827,18.97162,0.21116,18.93004,0.21106,17.38743,0.21042,27.91007,0.21055
1.09924,19.01681,0.21334,18.93779,0.21316,17.40461,0.21217,27.90904,0.2129
1.11027,18.75532,0.21556,19.24136,0.21562,17.25564,0.21458,27.8559,0.21491
1.12121,18.87999,0.21766,19.08994,0.21717,17.59129,0.21669,28.27073,0.2171
1.13121,19.61147,0.21967,19.65537,0.21942,17.28667,0.21862,27.95707,0.21929
1.14206,19.06813,0.22198,19.49672,0.22171,17.95808,0.22092,28.22854,0.2215
1.15317,19.51418,0.22401,19.35473,0.22399,17.96684,0.22288,28.26287,0.22346
1.16408,19.57288,0.22622,19.589,0.2257,18.01025,0.22543,29.0845,0.22534
1.17499,19.73463,0.22837,20.17921,0.22769,18.55829,0.22707,28.58022,0.22781
1.18499,19.8958,0.23037,19.9159,0.22975,18.31121,0.22925,29.13098,0.23041
1.19598,20.33782,0.23252,20.5044,0.23204,18.59992,0.23151,29.10156,0.23166
1.2069,20.19692,0.2348,20.06635,0.23408,18.96117,0.23361,29.47398,0.23424
1.21691,20.41382,0.2367,20.2886,0.23601,19.26941,0.23559,29.68364,0.2364
1.22785,20.3672,0.23886,20.52936,0.23841,18.72642,0.23801,29.33113,0.23856
1.2388,20.52071,0.2411,20.40686,0.24046,19.12943,0.23994,30.11427,0.24073
1.24887,20.6901,0.24309,20.74513,0.24276,18.96588,0.24257,29.83337,0.2427
1.2597,20.59423,0.2446,20.77693,0.24479,19.22715,0.24405,30.422,0.2449
1.26972,20.72177,0.24693,20.8624,0.24687,19.57352,0.24633,30.36272,0.24701
1.27978,21.04351,0.24916,21.00989,0.24903,19.24745,0.24858,31.17205,0.24897
1.2906,20.9928,0.25135,21.36026,0.25137,19.40061,0.25047,30.91568,0.25142
1.30069,21.03214,0.25286,21.05675,0.25296,19.62261,0.25269,30.98714,0.2533
1.31163,20.7153,0.25553,21.6342,0.25517,19.64814,0.25542,30.85156,0.25561
1.32165,21.3186,0.2576,21.21784,0.25766,20.24288,0.25697,31.38874,0.25776
1.33258,21.50238,0.25921,21.87815,0.2595,19.91099,0.25908,30.91659,0.25963
1.3436,21.41893,0.2619,21.96357,0.26171,20.09772,0.26121,31.35603,0.26168
1.35446,21.73595,0.26407,22.08377,0.26387,20.31886,0.26366,31.85896,0.26386
1.36452,21.41669,0.26633,21.86994,0.26585,20.32204,0.26542,31.85082,0.26602
1.37552,21.83639,0.26826,21.96609,0.26829,20.77781,0.26721,31.77664,0.26816
1.38637,21.60191,0.27098,21.90463,0.27015,20.56029,0.27005,32.21519,0.27014
1.39647,22.07507,0.27219,22.54616,0.27221,20.69232,0.27178,32.1543,0.27236
1.4075,21.91506,0.27457,22.65954,0.27443,20.9154,0.2738,32.36525,0.27453
1.41836,22.22167,0.27631,22.32507,0.27662,20.97695,0.27573,32.54489,0.27651
1.42839,22.36242,0.27882,22.73484,0.27878,20.83,0.27788,32.85518,0.27869
1.43839,22.51666,0.28076,22.51248,0.28079,20.89276,0.27989,32.85611,0.28087
1.44927,22.26714,0.28322,22.87479,0.28309,21.31001,0.28183,33.1571,0.28282
1.46025,22.31951,0.28514,23.1526,0.2854,20.99949,0.28428,32.9072,0.28556
1.47134,22.66382,0.28724,22.98095,0.28752,21.53618,0.28644,33.11597,0.28724
1.48221,22.79504,0.28957,23.24771,0.28935,21.28683,0.28853,33.78486,0.28918
1.49225,22.97134,0.29138,23.81118,0.2918,21.29521,0.29081,33.73754,0.29096
1.50328,22.93007,0.29365,23.00687,0.29383,21.46775,0.29289,33.67737,0.29329
1.51423,23.16375,0.2958,23.54433,0.29569,21.79499,0.29501,33.74204,0.29553
1.52525,22.99523,0.29801,23.7396,0.29821,22.33464,0.29717,33.911,0.29756
1.53526,23.48383,0.30005,23.58842,0.30033,22.05681,0.2994,34.4595,0.2997
1.54623,23.21886,0.30229,23.65303,0.30262,21.89658,0.30095,34.40509,0.30187
1.55724,23.7046,0.3044,24.44206,0.30478,22.10599,0.30351,34.53618,0.30384
1.56821,23.61869,0.30654,23.87466,0.30681,22.45718,0.30569,34.19728,0.30607
1.57823,23.992,0.30874,24.27053,0.30864,22.723,0.30742,34.84706,0.30817
1.58922,23.75527,0.31079,24.32279,0.31093,23.05543,0.30988,35.13438,0.31017
1.59923,24.39784,0.31274,24.63319,0.31294,23.02817,0.31201,35.1709,0.31263
1.61023,23.69579,0.31489,24.69716,0.31498,22.98644,0.31463,35.41552,0.31507
1.62122,24.12243,0.31712,24.30874,0.31732,23.10908,0.31611,35.1673,0.3168
1.63123,24.26946,0.31972,24.76106,0.31938,23.03886,0.31815,35.30715,0.31878
1.64125,24.59375,0.32102,25.15815,0.32171,23.48912,0.32038,35.75152,0.32072
1.65198,24.24079,0.32331,24.70515,0.32367,23.64025,0.32255,35.76126,0.32276
1.66297,24.67903,0.32501,25.30665,0.32588,23.89173,0.32478,35.94826,0.32487
1.67298,25.11168,0.32731,25.29694,0.3279,23.43358,0.32693,36.08162,0.32687
1.683,24.55116,0.32941,25.4285,0.32993,23.72758,0.32892,36.1149,0.32896
1.69392,24.84451,0.33181,25.60273,0.33193,23.60296,0.33092,36.64267,0.33111
1.70491,24.91291,0.33373,25.90687,0.33414,23.69776,0.33318,36.64229,0.3334
1.71585,25.04041,0.33595,25.22703,0.33616,23.83658,0.33526,36.60277,0.33551
1.72687,25.10189,0.33808,25.52434,0.33871,23.96506,0.33728,37.0015,0.3375
1.73785,25.29791,0.34031,25.73692,0.34015,24.30005,0.33966,36.87846,0.33971
1.74883,25.43515,0.34259,26.13724,0.34246,24.3534,0.3414,37.69525,0.34184
1.75978,25.55127,0.34473,25.8512,0.34406,24.34891,0.34378,37.88882,0.34381
1.77074,25.4318,0.34691,26.66914,0.34682,24.39871,0.34597,37.7208,0.34543
1.78177,25.90455,0.34889,26.5096,0.3488,24.65481,0.34796,38.0341,0.34808
1.79271,25.803,0.35131,26.64246,0.35144,24.93414,0.35018,38.59069,0.35013
1.80363,25.80041,0.35364,26.93207,0.35316,24.86059,0.35233,38.28683,0.35217
1.81365,26.13346,0.35555,26.75879,0.35522,25.28851,0.35475,38.37124,0.35427
1.8246,26.5635,0.35763,26.49321,0.35774,25.19942,0.35674,38.94045,0.35652
1.83559,26.5298,0.35992,26.99981,0.3596,25.22018,0.35867,38.87728,0.35886
1.8456,26.11692,0.36179,27.10278,0.36156,25.16411,0.36053,39.53647,0.36083
1.85657,26.4307,0.36397,26.90002,0.36379,25.24927,0.36292,38.92613,0.3628
1.8675,26.70872,0.36636,26.95823,0.36585,25.66003,0.36516,39.19273,0.36505
1.87842,26.6967,0.36824,27.29323,0.368,25.80598,0.36704,39.43152,0.36724
1.88859,26.76356,0.37037,27.47949,0.36996,25.68201,0.36926,39.88778,0.36903
1.89947,26.50336,0.37255,27.24414,0.37211,25.8163,0.37148,39.68092,0.37148
1.90958,27.26751,0.37469,27.40146,0.3741,25.93896,0.37353,40.14108,0.37375
1.92052,26.9953,0.37666,27.92594,0.37627,25.83075,0.37579,39.65921,0.37566
1.93148,27.54883,0.37844,27.61779,0.37838,25.68274,0.37814,40.07179,0.37795
1.94245,27.49221,0.38108,28.11172,0.38073,25.92234,0.37999,40.08954,0.37995
1.95247,27.3093,0.38304,28.32486,0.38347,26.10777,0.38217,40.50082,0.38218
1.96335,27.27625,0.38487,28.49843,0.38475,26.32009,0.38386,40.54875,0.38418
1.97342,27.60396,0.38711,28.03885,0.38704,26.68043,0.38638,40.32311,0.38642
1.98438,27.62486,0.38934,28.50166,0.38904,26.10542,0.38849,40.33146,0.3886
1.99531,27.65249,0.39147,28.13437,0.39117,26.48964,0.39094,40.58319,0.3909
2.00544,27.80831,0.39357,28.50002,0.39318,26.67939,0.39267,40.80102,0.39273
2.01544,28.02791,0.39551,28.80229,0.39524,27.0529,0.39495,41.49883,0.39482
2.02637,27.77589,0.39771,28.62771,0.39802,26.61267,0.3974,40.94049,0.39693
2.03729,28.156,0.39986,29.15293,0.39916,27.49964,0.39915,41.56214,0.39914
2.04733,28.59459,0.40184,29.18156,0.40128,27.46372,0.40101,41.49485,0.40113
2.05818,28.17754,0.40409,29.02551,0.40351,27.52516,0.40266,41.7427,0.40331
2.06822,28.17596,0.40649,29.03172,0.40548,27.40143,0.40543,41.52557,0.40496
2.07921,28.30626,0.40823,29.43075,0.40742,28.00848,0.40739,42.0269,0.40728
2.0902,28.73541,0.41038,29.31443,0.40975,27.8171,0.40987,41.8346,0.40944
2.10022,28.72468,0.41289,29.55389,0.41188,27.95892,0.41169,42.3243,0.41136
2.11121,29.14814,0.41464,29.54863,0.41368,28.25443,0.41375,42.31746,0.41374
2.12122,29.11484,0.41663,29.48293,0.41628,28.15475,0.41573,42.44337,0.4155
2.132,28.84897,0.4183,30.20476,0.41827,28.61578,0.4174,42.21481,0.41778
2.14221,29.29915,0.42077,29.89044,0.42009,28.70668,0.41994,42.45976,0.41996
2.15323,29.65916,0.42294,30.14332,0.4223,28.59656,0.42207,42.7377,0.42212
2.16408,29.56574,0.42518,30.13384,0.42465,28.71628,0.42441,43.06947,0.4241
2.17502,29.59898,0.42729,30.48812,0.42667,28.52983,0.42627,42.8432,0.42627
2.18596,29.41795,0.42982,30.2197,0.42902,29.0076,0.42853,42.88035,0.42848
2.19597,29.62717,0.43175,30.51247,0.43079,29.05966,0.43054,43.15019,0.43055
2.20692,29.97175,0.43364,30.62592,0.43274,29.41029,0.43274,43.32134,0.43281
2.21698,29.83226,0.43571,30.55177,0.4347,29.07419,0.43481,43.85108,0.43513
2.22793,29.77057,0.43802,30.97104,0.43712,29.14179,0.43706,43.80774,0.43755
2.23889,29.87324,0.44002,30.99902,0.43895,29.0052,0.43901,44.10996,0.43911
2.24891,30.39951,0.44199,31.13807,0.44116,29.14595,0.44123,44.19477,0.44116
2.25988,30.29919,0.44447,30.67271,0.44312,28.95045,0.44321,44.36883,0.44329
2.26991,30.50908,0.44619,31.12569,0.44517,29.60563,0.44535,44.14483,0.44547
2.281,30.52878,0.44831,31.45201,0.44728,29.19701,0.4476,44.26677,0.44771
2.29172,30.60221,0.45043,31.44675,0.44952,29.98524,0.4499,44.60274,0.44942
2.30262,30.78969,0.45267,31.39438,0.45146,30.22474,0.45198,44.86515,0.45183
2.31265,31.0998,0.45442,31.83013,0.45393,29.89037,0.45401,45.11688,0.45403
2.32364,31.01894,0.45688,32.03319,0.45587,29.89969,0.45667,44.83687,0.45616
2.33365,31.40382,0.45892,31.83466,0.4577,30.25001,0.45825,45.51072,0.45819
2.34462,30.93969,0.4607,32.14659,0.46021,30.43585,0.46011,45.2935,0.46048
2.35558,31.10988,0.46321,32.02735,0.46227,30.77214,0.46231,45.15977,0.46257
2.36657,31.40542,0.46542,31.71562,0.46387,30.27355,0.46458,45.65951,0.46451
2.37742,31.06324,0.46768,32.36912,0.46666,30.62838,0.46651,45.39212,0.46664
2.38743,31.49587,0.46963,32.44553,0.46858,30.79051,0.46875,45.53542,0.46941
2.39846,31.05781,0.47195,32.20497,0.47097,30.49746,0.47138,45.69144,0.47071
2.40846,31.34747,0.47401,32.69176,0.47294,30.81896,0.47282,46.31021,0.473
2.41939,31.43723,0.4759,32.40287,0.47497,30.87199,0.47499,46.40895,0.47464
2.43058,31.55869,0.47836,32.58157,0.47735,31.10253,0.47699,45.92278,0.4772
2.44127,31.94669,0.48023,32.11198,0.4792,31.19741,0.47944,46.60559,0.47945
2.45129,31.86185,0.48225,32.64751,0.48135,31.51428,0.48124,46.60036,0.48121
2.4623,32.00944,0.4846,32.99032,0.4833,31.59904,0.48341,46.41915,0.48349
2.47323,32.38385,0.48658,33.35402,0.48545,31.35521,0.48563,46.72006,0.4858
2.48324,31.87203,0.48866,32.92075,0.4877,31.75268,0.48777,47.15929,0.48773
2.49325,32.03199,0.49078,32.9887,0.48972,31.9107,0.48976,46.91918,0.48999
2.50422,32.55531,0.49281,32.92853,0.49189,31.86207,0.49183,47.62563,0.4919
2.51527,32.86846,0.49502,32.98901,0.49393,31.97314,0.49398,47.23395,0.49382
2.52625,32.64023,0.49712,33.62301,0.49633,32.17671,0.49617,46.8083,0.49629
2.5372,33.06906,0.49945,33.77278,0.49822,32.7121,0.49848,47.4921,0.49855
2.54721,32.8912,0.50142,34.16572,0.50025,32.24004,0.50053,47.80338,0.50075
2.55801,32.7137,0.50356,33.8007,0.50189,32.31776,0.50256,47.92307,0.50281
2.56806,32.98761,0.50553,33.78741,0.50423,32.28143,0.50481,47.82342,0.50549
2.57899,33.44936,0.50715,33.45725,0.50648,32.68539,0.50693,48.07968,0.50699
2.59,33.25292,0.50988,33.88034,0.50858,32.64875,0.50869,48.0878,0.50903
2.60088,33.47246,0.51162,34.39257,0.51089,32.67752,0.51124,48.50071,0.5106
2.61093,33.26733,0.51423,33.98472,0.51266,32.7151,0.51328,48.80975,0.51345
2.62093,33.59717,0.51605,33.81122,0.51456,32.952,0.51582,48.47437,0.51552
2.63185,33.56882,0.51824,34.29085,0.51681,33.11356,0.51746,48.64788,0.51737
2.64185,33.50508,0.52024,34.39218,0.51865,33.22788,0.51941,48.84524,0.51974
2.65284,33.54801,0.52239,34.75784,0.52092,33.31878,0.52155,49.07182,0.5217
2.6637,33.93591,0.52457,34.53516,0.52306,33.07051,0.52417,48.97726,0.524
2.67371,33.80116,0.52613,34.89041,0.52503,33.25011,0.52575,49.32383,0.52604
2.68468,34.49571,0.52875,34.38467,0.52725,33.65438,0.52804,49.26001,0.52884
2.69573,34.08621,0.531,35.24105,0.52933,33.90426,0.53021,49.79687,0.53042
2.70665,34.07297,0.53306,35.25073,0.53151,33.46005,0.53233,49.32558,0.53264
2.7177,34.82249,0.53537,35.23281,0.5337,33.57046,0.53427,49.67182,0.53471
2.72862,34.58867,0.53731,35.44896,0.5357,33.90158,0.53628,49.71424,0.53681
2.7396,34.55184,0.53967,35.36904,0.53768,34.18673,0.53865,49.72551,0.53901
2.74962,34.78056,0.54162,35.37288,0.53956,34.00472,0.5405,50.10323,0.54043
2.76054,34.64755,0.54367,35.55427,0.54189,34.17795,0.54291,50.20609,0.54311
2.77137,34.98299,0.54608,35.81128,0.54407,34.21932,0.54511,50.29503,0.54561
2.7814,34.70717,0.54802,35.75467,0.54643,34.48319,0.54766,50.32119,0.54747
2.79147,34.87146,0.55055,36.04168,0.54823,34.88271,0.54877,50.82344,0.54963
2.80248,35.3021,0.55223,35.67015,0.55036,34.57381,0.5513,50.71213,0.55156
2.81332,35.28322,0.55428,36.25118,0.5524,34.39894,0.55329,50.70948,0.55383
2.82341,35.34696,0.55654,36.0077,0.55482,34.78031,0.5553,51.11659,0.55624
2.83435,35.17815,0.55858,36.33598,0.55672,34.94535,0.5576,51.07831,0.55823
2.84536,35.78223,0.56072,36.29799,0.55825,34.56492,0.55942,51.10674,0.56041
2.85633,36.06397,0.56293,36.37927,0.56081,35.41699,0.56176,51.21737,0.56262
2.86634,35.29361,0.56489,36.48321,0.56291,34.79214,0.56407,51.21148,0.56472
2.87737,35.8725,0.56703,36.7022,0.5646,34.94983,0.56598,51.24841,0.56673
2.88822,35.86995,0.56911,36.43217,0.56678,35.58072,0.56808,51.22408,0.56883
2.89823,35.9714,0.57128,36.64173,0.56929,35.64863,0.57038,51.72857,0.57105
2.90825,36.27396,0.57328,36.57546,0.57129,35.42334,0.57267,51.70175,0.57299
2.91923,36.55661,0.57526,37.06234,0.57363,35.35054,0.57438,52.08045,0.5751
2.93023,36.23542,0.5776,36.6961,0.57535,35.5049,0.57643,52.19301,0.57727
2.94121,36.19957,0.57983,37.03956,0.57753,35.33715,0.5785,52.06351,0.57912
2.95123,36.3868,0.5818,37.29886,0.57969,36.13216,0.58085,52.05384,0.58138
2.96222,36.09389,0.58396,37.48738,0.58118,36.08711,0.5831,52.41301,0.58355
2.97315,36.46201,0.58623,37.67679,0.58384,36.08026,0.58533,52.67642,0.58608
2.98321,36.98731,0.58815,37.54098,0.58587,35.75905,0.58745,52.77223,0.58771
2.99404,37.09312,0.59033,37.48372,0.58824,35.81855,0.58948,53.12721,0.58988
3.00432,36.95924,0.59233,37.92858,0.59016,36.27916,0.59179,53.05563,0.59198
3.0152,37.06847,0.59456,38.06543,0.59218,36.34653,0.59385,53.29152,0.59423
3.02604,37.21926,0.59672,38.04555,0.59376,36.12633,0.59608,52.92499,0.59597
3.03702,36.95836,0.59887,38.21775,0.59655,36.06477,0.59818,53.5706,0.59887
3.04796,37.62494,0.60119,37.97695,0.59853,36.46126,0.60072,53.56286,0.60081
3.05895,37.82155,0.60327,38.29734,0.60032,36.49756,0.60232,54.00361,0.60286
3.0699,37.5573,0.60597,37.74643,0.60292,36.55867,0.60451,54.0615,0.60525
3.08086,37.44967,0.60758,38.33298,0.60508,36.40551,0.60699,53.47346,0.60721
3.09181,37.54572,0.60975,38.70472,0.60713,36.8976,0.60868,53.94235,0.60918
3.10269,37.97076,0.61179,38.83466,0.60948,36.86289,0.61091,54.17153,0.61141
3.11278,37.91388,0.61393,38.66138,0.61151,36.99557,0.61305,54.22875,0.61356
3.12282,37.93275,0.61596,38.44585,0.61379,36.89945,0.61505,54.32417,0.61565
3.13372,38.10166,0.61798,38.37332,0.61609,36.99554,0.61693,54.71767,0.61786
3.14377,38.24336,0.61982,38.76173,0.61858,37.00877,0.61944,54.34089,0.62051
3.15471,37.93414,0.62235,39.05946,0.61997,36.9722,0.62147,54.56812,0.62173
3.16476,38.29101,0.62434,39.29348,0.62209,37.47295,0.62339,54.69439,0.62413
3.17569,38.49262,0.62632,39.14849,0.62421,37.49555,0.62578,54.61794,0.62619
3.18668,38.46396,0.62869,38.97033,0.62622,37.65089,0.628,54.69296,0.62832
3.19674,38.61413,0.63072,39.26675,0.62829,37.56601,0.63022,54.67154,0.63057
3.2076,38.84964,0.63282,39.23226,0.63056,37.76383,0.63219,55.05274,0.63318
3.21762,38.46389,0.63479,39.4948,0.63208,37.35069,0.63435,55.1993,0.63496
3.22763,38.95239,0.63677,39.63741,0.63489,37.51508,0.63659,55.20345,0.63721
3.23863,38.89293,0.63879,39.95943,0.6371,37.86627,0.63865,55.34265,0.63896
3.2496,38.91075,0.64118,40.12935,0.63927,37.67853,0.6407,55.97985,0.64123
3.2596,39.21551,0.64312,39.86775,0.64124,37.99226,0.64295,56.03328,0.64323
3.27058,38.8984,0.64501,39.99412,0.64389,38.30815,0.64486,55.69542,0.64527
3.28153,39.15941,0.64752,40.56834,0.64552,38.28326,0.6469,56.0051,0.64756
3.29156,39.35576,0.64948,39.96063,0.64755,38.25958,0.64916,56.18402,0.64957
3.30245,39.345,0.65134,40.53029,0.65032,38.50336,0.6511,56.10217,0.65155
3.31346,39.50198,0.65388,40.11521,0.65199,38.74059,0.65325,56.49049,0.65406
3.32347,39.6066,0.65591,40.38263,0.65414,38.67578,0.6556,56.30757,0.6559
3.33446,39.69099,0.65828,40.64485,0.65673,38.49508,0.65762,56.68562,0.65798
3.34447,39.7997,0.65995,40.94614,0.65827,38.78509,0.65978,56.69818,0.66038
3.35542,39.58848,0.66227,41.18626,0.6605,38.74975,0.66196,57.02987,0.66225
3.36642,39.72035,0.66465,40.95936,0.6623,38.49045,0.66431,57.20013,0.66428
3.3774,40.00017,0.66662,40.70817,0.66468,39.17638,0.66613,57.20103,0.6665
3.38743,39.93456,0.66871,41.16636,0.66693,39.24657,0.66822,57.36152,0.6686
3.39841,39.93066,0.67083,40.94369,0.66929,38.91825,0.67047,57.40063,0.67049
3.4094,40.28653,0.67302,41.47208,0.67123,38.96967,0.6722,57.58019,0.67296
3.42036,40.06117,0.67493,41.56733,0.67322,39.4025,0.67447,57.89418,0.6749
3.43133,40.17856,0.67741,41.32256,0.67525,39.13149,0.67685,57.85592,0.67723
3.44135,40.57628,0.67935,41.58964,0.67761,39.6812,0.67888,57.99244,0.67936
3.45233,40.71035,0.68125,42.03525,0.67959,39.8715,0.68101,58.08948,0.68149
3.4633,40.64307,0.6838,41.64585,0.68183,39.75953,0.68308,58.21703,0.68413
3.47426,40.70767,0.6865,42.22924,0.68374,39.50729,0.68524,58.91744,0.68553
3.4843,40.34983,0.68823,42.12073,0.6858,40.16082,0.68727,58.37397,0.68768
3.49521,41.15087,0.69012,42.56495,0.68754,39.55097,0.68941,58.57844,0.6897
3.50522,41.12921,0.69208,42.10154,0.68989,39.85326,0.69157,59.03476,0.69204
3.51615,40.60637,0.69419,42.28226,0.69198,40.07569,0.69357,58.81113,0.694
3.5262,41.16713,0.69626,42.25818,0.69469,40.15624,0.69568,59.26484,0.69629
3.53621,41.07003,0.69839,42.34401,0.69624,40.5207,0.69791,59.03823,0.69841
3.54648,41.51675,0.70034,42.38685,0.69823,40.71066,0.70009,59.28284,0.70035
3.55742,41.22014,0.70207,42.76022,0.69988,40.67499,0.70234,59.91294,0.70273
3.56824,41.60395,0.70466,42.92169,0.70256,40.67242,0.70435,59.59827,0.70437
3.57825,41.63695,0.70659,42.85533,0.70487,40.52346,0.70702,59.41091,0.70718
3.58922,41.63182,0.70897,43.06165,0.70699,41.16413,0.70847,59.47429,0.70904
3.59924,41.89635,0.71078,43.0555,0.70884,40.7212,0.71075,59.86909,0.71063
3.60925,41.85301,0.71273,43.22446,0.71138,40.51171,0.71288,60.26009,0.71288
3.61925,42.10274,0.71481,43.12958,0.71285,41.10049,0.715,60.17329,0.71546
3.63021,42.34927,0.71694,43.78211,0.7153,41.20757,0.71753,60.17106,0.7175
3.64122,42.12834,0.71919,43.47851,0.71784,41.18973,0.71942,60.23959,0.71998
3.65225,42.30103,0.72121,43.49503,0.71966,41.30361,0.7216,60.6797,0.72181
3.66321,42.26389,0.72357,43.73037,0.7217,41.59589,0.72375,60.61394,0.72396
3.67419,42.52673,0.72573,43.68352,0.7235,41.45931,0.72577,60.94563,0.72618
3.6842,42.76078,0.72744,43.96653,0.72603,41.62757,0.72804,61.15433,0.72835
3.69519,42.62437,0.72997,43.74873,0.72815,41.61684,0.73009,61.18145,0.73074
3.7062,43.04399,0.73213,44.35845,0.73034,41.38476,0.73212,61.74876,0.73276
3.71718,42.78814,0.73428,44.12799,0.73242,41.58185,0.73402,61.63356,0.7351
3.7272,42.50827,0.73634,44.37956,0.73434,41.96573,0.73649,62.19828,0.73684
3.73816,42.84772,0.73791,44.18841,0.73654,41.72782,0.7385,61.94868,0.73903
3.74817,42.73433,0.74027,44.37464,0.73857,42.08547,0.74107,62.22308,0.74142
3.7582,43.16943,0.74247,44.66644,0.74072,42.26355,0.74288,62.82762,0.74344
3.76914,43.17221,0.74466,44.65087,0.74278,42.46971,0.74481,62.24109,0.74494
3.77918,42.75841,0.74647,44.44153,0.74487,42.19909,0.74683,62.76212,0.7478
3.79018,43.14637,0.74885,44.75153,0.74775,42.2862,0.74931,62.31389,0.74979
3.80115,43.68913,0.75099,44.77129,0.74921,42.471,0.751,62.46432,0.75245
3.81117,43.35864,0.75295,44.7229,0.75123,42.40465,0.75297,62.60375,0.75421
3.82117,43.73904,0.75532,45.3735,0.75375,42.8018,0.7554,62.74544,0.75629
3.83204,43.61552,0.75718,45.27115,0.75539,42.67518,0.75742,62.86546,0.75859
3.843,43.88942,0.75919,45.3842,0.75759,42.4702,0.75961,62.94867,0.76053
3.85307,43.86234,0.76143,45.45889,0.76006,42.87156,0.76171,63.24119,0.76272
3.86308,44.26984,0.76346,45.44332,0.76193,42.91229,0.76348,63.29,0.76494
3.8742,44.29704,0.76559,45.43157,0.76395,43.23087,0.76609,63.35013,0.76711
3.88501,43.92286,0.76781,45.89886,0.76558,43.36101,0.76747,63.88151,0.76864
3.89597,44.10714,0.76991,45.89044,0.76806,43.54813,0.7698,63.81867,0.7714
3.90601,44.22338,0.77196,45.54727,0.77012,43.71543,0.77208,63.99865,0.77348
3.91698,44.18398,0.77431,46.37076,0.77235,44.22588,0.77467,64.00732,0.77575
3.927,44.54968,0.77589,46.26354,0.77392,43.72932,0.77637,64.58856,0.77771
3.93796,44.40227,0.77829,45.90795,0.77654,44.07143,0.77841,65.17862,0.7797
3.94799,44.46382,0.78032,46.27814,0.77849,44.08594,0.78028,64.63717,0.78155
3.95896,44.38839,0.78229,46.33106,0.78058,44.48609,0.78267,64.93788,0.78385
3.96899,44.68083,0.78452,46.6365,0.78289,44.26721,0.7848,65.42751,0.78593
3.97996,44.76084,0.78664,46.71713,0.78476,44.68473,0.78669,65.10768,0.78808
3.98999,44.87051,0.7884,46.62836,0.7864,44.30916,0.78918,65.24259,0.79028
4.00098,45.07931,0.79074,46.67161,0.78903,44.62546,0.79117,65.48893,0.79225
4.01196,44.76603,0.79301,46.96902,0.79101,44.61805,0.79273,66.02127,0.7949
4.02201,45.21839,0.795,46.79964,0.7932,44.83003,0.79535,65.54747,0.79612
4.03299,45.27324,0.79726,47.26661,0.79551,44.68364,0.79759,65.71765,0.79862
4.04399,44.99513,0.79938,46.72609,0.79754,44.75868,0.79981,66.0682,0.8006
4.05496,45.64442,0.801,46.81833,0.80043,45.13541,0.80191,65.9419,0.80279
4.06594,45.57552,0.80376,47.19624,0.80189,45.22372,0.80442,66.21091,0.80466
4.07597,45.11747,0.80578,47.31156,0.8041,45.23921,0.8064,66.29981,0.8071
4.08695,45.59175,0.8076,47.41657,0.80634,45.48517,0.80881,66.15641,0.80977
4.09792,45.50465,0.81014,47.98493,0.80826,45.59915,0.81076,66.55024,0.81134
4.10798,45.80369,0.81225,47.67255,0.81046,45.74905,0.81246,66.83111,0.81354
4.11894,46.17778,0.81426,47.7141,0.81299,46.21938,0.81459,66.71948,0.81606
4.12894,45.47035,0.81667,47.84437,0.81474,45.97294,0.81677,66.73699,0.81741
4.1399,45.92388,0.81843,48.35888,0.81681,45.79097,0.8191,67.28133,0.81969
4.14995,46.47895,0.82048,48.05203,0.8191,45.74374,0.82102,67.23476,0.82172
4.15997,46.51226,0.82252,47.93798,0.82103,46.37688,0.8229,67.13695,0.82365
4.17092,46.26057,0.82459,48.11895,0.82312,46.16001,0.8252,67.25083,0.82596
4.18192,46.18914,0.82679,48.46599,0.82531,46.58855,0.82735,67.40255,0.82827
4.19293,46.4105,0.82967,48.38023,0.82739,46.37905,0.82948,67.52233,0.83003
4.20393,46.52823,0.83129,48.47833,0.82955,46.44738,0.83147,67.67083,0.83241
4.21493,46.26015,0.83344,48.42019,0.83152,46.42271,0.83376,67.71035,0.83438
4.22591,46.30345,0.83551,48.54753,0.83378,46.6953,0.83576,67.76346,0.83648
4.23596,46.67723,0.8376,49.09314,0.8359,46.81179,0.83792,68.19193,0.83858
4.24696,47.10978,0.83985,48.93091,0.83785,46.9247,0.84014,67.80226,0.8406
4.25698,46.74561,0.84233,48.87625,0.84023,47.28341,0.8421,68.17872,0.84259
4.26796,46.97648,0.844,49.42911,0.84227,46.91756,0.8443,68.19678,0.84407
4.27897,46.80645,0.84617,49.17435,0.84428,47.27044,0.84633,68.37796,0.8469
4.28996,47.15219,0.84848,49.19184,0.8464,47.23962,0.84856,68.30995,0.84912
4.30096,47.12349,0.85047,48.83266,0.84859,47.23447,0.85008,68.76235,0.85091
4.31196,47.16428,0.85255,49.67402,0.85043,47.30011,0.85265,68.41509,0.85331
4.32197,47.21326,0.85475,49.49499,0.85283,47.448,0.85481,68.47816,0.85549
4.33295,47.30053,0.85691,49.29547,0.85474,47.22887,0.85635,68.82634,0.85805
4.34301,47.45819,0.85944,49.88594,0.85686,47.51693,0.85907,69.19913,0.85985
4.35394,47.66171,0.86108,49.82943,0.85906,47.29317,0.8611,69.23185,0.86189
4.36397,47.45877,0.86308,50.27404,0.86096,47.30292,0.86318,69.36127,0.86404
4.37494,47.24128,0.86535,49.6686,0.86295,48.22577,0.8654,68.98065,0.86601
4.38592,47.65081,0.86742,49.90775,0.86514,47.98592,0.86737,69.37741,0.8682
4.39597,47.68226,0.86955,50.18426,0.86727,48.15743,0.86958,69.49582,0.87026
4.40597,47.64048,0.87149,50.24433,0.8695,48.57691,0.87181,69.54505,0.87217
4.41696,48.04779,0.87363,49.58291,0.87155,48.43902,0.87373,70.22542,0.8744
4.42796,48.23273,0.87586,49.98853,0.87378,48.20071,0.87592,69.96092,0.87656
4.43893,47.84249,0.87863,50.27164,0.87576,48.28547,0.87807,69.81109,0.87882
4.44897,48.35546,0.87987,50.14517,0.87788,48.75868,0.88029,70.29038,0.8807
4.45897,48.46765,0.88207,50.2778,0.88031,48.52918,0.88234,69.87247,0.88299
4.46996,48.59449,0.88428,50.41855,0.88176,48.62439,0.88421,70.44603,0.88544
4.47996,48.25986,0.88625,50.23659,0.88384,48.81273,0.88646,70.1868,0.88688
4.49092,48.49574,0.88842,50.83389,0.88598,48.66052,0.88866,70.5202,0.88893
4.50093,48.53623,0.89038,50.65443,0.88822,48.68927,0.89138,70.57688,0.89092
4.51193,48.62635,0.89311,50.93095,0.89045,49.09751,0.89288,70.45578,0.89307
4.52199,48.54747,0.89454,51.29563,0.89239,49.1324,0.89502,70.74936,0.89531
4.53203,48.59332,0.8966,51.28875,0.89452,49.05045,0.89773,71.30309,0.89729
4.543,48.86308,0.89884,51.08784,0.89678,49.06666,0.89937,71.12242,0.89893
4.55398,49.12879,0.90096,51.43944,0.8987,49.59005,0.90144,70.96127,0.90148
4.564,48.97798,0.90295,51.5437,0.90108,49.28731,0.90354,70.80293,0.90362
4.57402,49.20698,0.90493,51.55379,0.90319,49.52074,0.90579,71.2327,0.90574
4.58405,48.90194,0.90736,51.41041,0.9059,49.61294,0.90781,71.45866,0.9078
4.59497,49.01274,0.90913,51.33203,0.90751,49.45241,0.9098,71.37411,0.91006
4.60595,49.15656,0.91133,51.828,0.90962,49.78479,0.91183,71.68605,0.91254
4.61596,49.76877,0.91327,51.38214,0.91153,50.0055,0.91419,71.45952,0.91435
4.62694,49.40995,0.9155,51.76729,0.91415,50.1673,0.91698,71.62106,0.91627
4.637,49.4304,0.91748,51.74221,0.91566,49.94776,0.91861,71.63694,0.91822
4.647,49.81584,0.91949,52.1277,0.91773,49.6749,0.92057,71.82664,0.92024
4.65797,49.92192,0.92183,52.04542,0.91961,50.52985,0.92259,71.92151,0.92271
4.66898,49.51657,0.92387,52.01384,0.92209,50.47929,0.92505,71.81269,0.92439
4.67996,49.76878,0.92649,52.64405,0.92402,49.94098,0.92675,71.88869,0.92657
4.69096,49.69016,0.92826,52.31867,0.92602,50.60625,0.92871,72.01981,0.92843
4.70097,50.40473,0.93025,52.49866,0.92836,50.82965,0.93073,72.68811,0.9307
4.71195,49.99095,0.93196,52.45051,0.93096,50.61464,0.93268,72.78741,0.93291
4.72198,50.49769,0.93439,52.74457,0.93283,50.3748,0.9349,72.2067,0.93498
4.73297,50.41843,0.93656,52.7459,0.93477,50.60652,0.93701,72.37179,0.93713
4.74396,50.22139,0.93901,53.04322,0.93658,50.71459,0.93927,72.66766,0.93908
4.75492,50.44433,0.94093,53.17448,0.93912,50.76997,0.94127,72.97379,0.94113
4.76493,50.50906,0.94307,53.32293,0.94188,50.90975,0.94279,73.4644,0.94346
4.77493,50.42177,0.94495,53.21822,0.94355,51.3332,0.94556,73.40899,0.94531
4.78494,51.14043,0.94687,53.51003,0.94565,51.25131,0.94746,73.11473,0.94776
4.7959,51.22394,0.94926,53.51647,0.94777,51.04376,0.94962,73.26776,0.94997
4.8059,50.86928,0.95114,53.15056,0.94982,51.36523,0.9511,73.36067,0.95156
4.81592,50.91358,0.95319,53.80885,0.95204,51.19402,0.95363,73.54939,0.95431
4.82592,51.17622,0.95515,53.70968,0.95442,51.13829,0.95576,73.55938,0.95623
4.83695,50.98885,0.95746,53.59466,0.95643,51.79297,0.95626,73.61983,0.95879
4.84791,51.18484,0.95956,54.11071,0.95852,51.5068,0.95618,73.93728,0.96059
4.85797,50.94288,0.9615,54.01965,0.96078,51.74959,0.95664,74.22207,0.96272
4.86895,51.31192,0.96346,54.06932,0.96337,51.05685,0.95617,74.24054,0.96518
4.87896,51.07007,0.96573,53.97728,0.96519,51.27275,0.95617,74.25925,0.96691
4.88897,51.3575,0.96769,54.26356,0.96693,51.80592,0.95614,74.39231,0.96896
4.89995,51.506,0.96988,54.58135,0.96948,51.65021,0.95622,74.37259,0.97093
4.90997,52.07082,0.97138,54.20982,0.97168,52.05161,0.95617,74.16903,0.97298
4.92099,51.77699,0.97407,54.88381,0.97354,51.83019,0.95619,74.49943,0.97508
4.93193,51.67537,0.97622,54.4255,0.97609,51.51522,0.95598,74.67708,0.97736
4.94194,52.01592,0.97868,54.41765,0.97862,51.38865,0.95612,74.69126,0.97945
4.95291,52.51062,0.98032,54.71571,0.98016,51.50971,0.95617,74.62517,0.98164
4.96392,52.58779,0.98258,54.87597,0.98228,51.74894,0.95639,75.04822,0.98367
4.97398,51.95609,0.98464,54.71016,0.98446,51.66187,0.95614,75.08579,0.98624
4.98492,52.54403,0.98682,55.16023,0.98672,51.73762,0.95613,75.16211,0.98783
4.9959,52.41517,0.98897,55.21217,0.98875,51.5217,0.95622,75.46112,0.99
5.00593,52.19687,0.99099,54.88484,0.99096,51.51231,0.95618,75.38857,0.99252
5.0169,52.56743,0.99327,55.0256,0.99327,52.31997,0.9561,75.57825,0.99424
5.02693,52.8715,0.9952,55.83837,0.9952,51.73536,0.95639,75.77402,0.99632
5.03792,52.52022,0.9974,55.67353,0.99725,51.87357,0.95619,75.7711,0.99632
5.04793,52.69452,0.99937,55.94194,0.99951,51.69456,0.95617,75.5659,0.99651
5.06093,52.53628,0.9999,55.42026,1.00029,51.99691,0.95617,76.05756,0.9963
5.07097,53.02793,0.9999,56.07481,1.00027,52.0445,0.95619,75.34613,0.99635
5.08203,52.86738,0.99989,56.37219,1.00063,51.96389,0.95552,75.85687,0.99631
5.093,53.25658,0.99991,56.36666,1.00023,51.65928,0.95642,76.16889,0.9964
5.10399,53.1272,1.0005,55.91232,1.00025,51.72273,0.95609,76.14365,0.99633
5.11495,53.26284,0.99993,56.07351,1.00016,51.91533,0.95615,76.21939,0.99634
5.12593,52.90413,0.99989,56.38811,1.0002,52.10924,0.95677,76.02648,0.99631
5.13597,52.93933,0.99997,56.24479,1.00013,51.7114,0.95615,76.00739,0.99634
5.147,53.11267,1,56.40729,1.00027,51.81498,0.95608,76.33396,0.99637
5.15705,53.45762,0.99991,56.46936,1.00018,51.92926,0.95673,76.12488,0.99634
5.16792,52.96009,0.99993,56.30459,1,51.96065,0.95622,76.06888,0.9965
5.17799,53.34358,1.0003,56.47358,1.00022,51.69164,0.95613,76.36116,0.99633
5.18892,53.26382,0.99991,56.00754,1.00022,51.95904,0.9562,76.04751,0.99631
5.19895,52.80989,0.99982,56.14761,1.00023,52.45626,0.9563,76.01742,0.99575
5.20999,53.5726,1.00041,56.33936,1.00021,52.33357,0.95613,76.66929,0.9963
5.22091,53.58419,0.99988,56.38584,1.00024,52.13288,0.95615,76.177,0.99626
5.23094,53.65302,0.9999,56.49081,1.00064,52.39507,0.95574,76.45891,0.99631
5.24193,53.27797,0.99991,56.13981,1.0002,52.13481,0.95605,76.31261,0.99636
5.25292,53.41932,0.9999,56.88276,1.00025,52.06328,0.95618,76.17473,0.99626
5.26295,53.32853,0.99994,56.54281,1.00037,52.23452,0.95617,76.1935,0.99629
5.2739,53.38259,0.99986,56.62211,1.00016,52.24649,0.95628,76.09898,0.99626
5.28391,53.08101,0.99974,56.60261,1.00017,51.9584,0.9561,76.41553,0.99623
5.29492,53.10829,0.99992,56.64422,1.00027,51.93864,0.95676,76.50033,0.99593
5.30496,53.36181,0.99989,56.67118,1.00019,52.0296,0.95615,76.56507,0.99632
5.31496,53.38698,1.00006,56.50023,1.00022,52.52586,0.95608,76.757,0.99621
5.32591,53.46553,0.99979,56.56393,1.0002,52.25394,0.95633,76.77417,0.99632
5.33594,53.84146,0.99994,56.75991,1.00018,52.27401,0.9556,76.86835,0.99616
5.34692,53.08008,0.99979,56.55581,1.0006,52.41612,0.9561,77.37812,0.99621
5.35693,53.66434,0.99991,56.14208,1.00017,52.18726,0.95562,77.26647,0.99611
5.3679,53.61092,0.99988,56.59221,0.99974,52.17268,0.95642,77.63059,0.99624
5.37791,53.58799,0.99988,56.80411,1.00019,52.26463,0.95614,77.3202,0.99628
5.38889,53.15072,1.00008,56.78428,1.00015,52.43457,0.95607,77.38557,0.99646
5.3989,53.31093,0.99985,57.11123,0.99966,52.745,0.95611,77.34545,0.99622
5.4099,53.46674,0.99957,56.56946,1.00017,52.47827,0.9561,77.54611,0.99611
5.42091,53.451,0.99986,56.97896,0.99952,52.45237,0.95613,77.25838,0.99627
5.43184,53.44887,0.99986,56.80249,1.00044,52.29407,0.95559,77.53835,0.99612
5.44186,53.3637,0.99993,56.99196,1.00021,52.60711,0.95605,77.40792,0.9962
5.45288,53.53487,0.99988,56.58668,1.00063,52.27919,0.95685,77.52022,0.99621
5.46386,53.83613,0.99991,56.73196,1.00033,52.13384,0.95614,77.84455,0.9967
5.47488,53.59111,0.99963,56.70271,1.0002,52.04579,0.95607,77.44546,0.99613
5.48584,53.58424,0.99986,56.72676,1.00013,52.31739,0.95602,77.90572,0.99622
5.49686,53.61187,0.99948,56.57076,1.00051,52.39735,0.95608,77.89892,0.99581
5.50781,53.3832,0.99984,56.64551,1.00016,52.54885,0.9562,77.86624,0.99617
5.51784,53.39607,0.99993,56.79111,1.0002,52.16686,0.95606,77.83807,0.99602
5.52884,53.28959,0.99947,56.86326,1.00048,52.35786,0.95623,77.762,0.99574
5.53981,53.4485,0.99984,56.64551,1.00023,52.31091,0.95618,77.92319,0.99608
5.54984,53.4759,0.99986,56.83369,1.00022,52.21574,0.95608,77.55226,0.99552
5.56087,53.58703,0.99994,57.15414,1.00029,52.465,0.95617,77.7413,0.99623
5.57186,53.57727,0.99988,56.73066,1.00017,52.4705,0.95616,77.58626,0.99626
5.58281,53.64986,0.99992,56.52461,1.00017,52.68449,0.95607,77.74259,0.99601
5.59288,53.58139,0.99959,56.48009,1.00047,52.61455,0.9554,77.46907,0.99612
5.60378,53.39797,0.99993,57.05111,1.00027,52.49672,0.95614,77.52928,0.99614
5.61379,53.35458,0.99988,56.91104,1.00016,52.48992,0.9561,77.79729,0.99667
5.62382,53.68757,0.99986,56.70823,1.00018,52.38117,0.95609,77.51084,0.99613
5.63478,53.7086,0.99986,56.37869,1.00048,52.68124,0.95599,78.10283,0.99613
5.64479,53.72749,0.99982,56.34228,1.00022,52.33584,0.95605,78.21288,0.99618
5.65582,53.74031,1.00005,56.89706,1.00039,52.47666,0.9559,77.80473,0.99659
5.66677,53.65175,0.99986,56.81743,1.00022,52.56761,0.95612,78.2391,0.99617
5.67779,53.58203,0.99984,56.52201,1.00024,52.76832,0.95613,77.829,0.9961
5.68883,53.44631,1.00008,57.05436,1.00017,52.39927,0.95597,77.79147,0.99615
5.69977,53.60151,0.99992,56.74041,1.00022,52.67152,0.95607,78.09022,0.9961
5.70979,53.50447,0.99991,56.70498,1.00061,52.33324,0.95606,78.06626,0.99614
5.72072,53.35431,0.99974,56.53208,1.0002,52.64239,0.95597,77.77528,0.99668
5.7308,53.82763,0.99988,56.78299,1.00011,52.27271,0.95602,78.17955,0.9958
5.74175,53.47366,0.99992,56.79403,0.9999,52.64984,0.95606,77.78402,0.99611
5.75178,53.49848,1.00005,56.69394,1.00015,52.54787,0.95581,77.73741,0.9961
5.76278,53.17583,0.99984,56.82653,1.00025,52.38504,0.95608,78.11773,0.99625
5.77279,53.19942,0.99985,56.99814,1.00044,52.57506,0.9561,78.3061,0.99623
5.78282,53.49502,0.99988,57.12457,1.00016,52.4472,0.95608,77.85362,0.99616
5.79374,53.49973,0.99962,57.02153,1.00015,52.60742,0.95609,77.8688,0.99613
5.80377,53.66088,0.99981,56.59806,1.00002,52.76409,0.95601,77.92837,0.99617
5.81472,53.91281,0.9998,56.62991,1.00021,52.78029,0.95604,78.06594,0.99615
5.82474,53.50471,0.99984,56.70726,1.00005,52.64368,0.9562,78.08892,0.99579
5.83571,53.67975,0.99978,56.53404,1.00019,52.81525,0.95601,78.16725,0.99608
5.84572,53.66995,0.99988,56.83108,1.0002,52.50869,0.95611,77.90896,0.99617
5.85674,53.72653,0.9999,57.04916,1.00031,52.38439,0.95589,77.96819,0.99609
5.8676,53.67561,0.99976,56.88601,1.0002,52.58121,0.95612,78.20025,0.99614
5.87859,53.84524,0.99988,56.40534,1.00013,52.39928,0.95615,78.05622,0.99612
5.88953,53.17362,1.00012,57.00723,0.99981,52.50157,0.95602,78.45047,0.99608
5.89955,53.34801,0.99983,56.80281,1.0002,52.89586,0.95601,77.8727,0.99611
5.91052,53.39606,0.99984,56.86748,1.00019,53.09494,0.95547,78.32876,0.99565
5.92147,53.84902,0.99998,56.70661,1.00028,53.01659,0.95602,78.06853,0.99617
5.93246,53.50316,0.99988,56.97311,1.00008,52.7081,0.95607,78.0627,0.99579
5.94341,54.01708,1.00007,56.56101,1.00017,52.70033,0.95579,78.43557,0.99608
5.95345,53.79655,0.99961,56.53956,1.00015,52.78773,0.956,78.26047,0.9961
5.96435,53.24873,0.99986,56.81321,1.00025,52.76797,0.95603,78.08049,0.99612
5.97533,53.32884,0.99988,56.75731,1.00012,52.88939,0.95602,77.80603,0.99584
5.98538,53.8032,0.99964,56.83856,1.00015,52.4637,0.95601,77.92675,0.99609
5.99626,53.91185,0.99994,57.09466,1.00038,52.65858,0.9561,78.4346,0.9961
6.0063,53.4027,0.99987,57.03031,0.99983,52.31479,0.95611,78.43267,0.99614
6.01631,53.7928,1.00042,56.71603,1.00023,52.50415,0.95605,77.87238,0.99614
6.02725,53.83241,0.99982,56.73163,1.00018,52.70066,0.95618,77.86008,0.99613
6.03828,53.93446,0.99986,56.84344,1.00016,53.00527,0.95607,78.23198,0.99613
6.0492,53.81197,0.99978,56.76154,1.00013,53.28237,0.95609,78.26694,0.99593
6.05923,53.57322,0.99993,57.003,1.00014,52.82496,0.95608,78.36694,0.99613
6.07022,53.83205,0.99991,56.98026,1.0005,52.62134,0.95605,78.26144,0.99587
6.08121,53.72556,1.00014,56.74724,1.00018,53.14155,0.95597,78.30934,0.99606
6.09121,53.63289,0.99987,56.69133,1.00016,53.0412,0.95652,78.49026,0.99603
6.10221,53.83299,0.99988,56.80411,1.00046,52.99168,0.95589,78.00832,0.99577
6.11323,53.34452,0.99984,56.63251,1.00047,52.84631,0.95616,77.60081,0.99605
6.12419,53.78684,0.99988,56.94581,1.00021,53.04475,0.95609,78.46469,0.99611
6.13422,53.49532,0.99983,57.04916,0.99971,52.8405,0.95602,78.07694,0.99578
6.14503,53.53551,0.99929,56.97278,1.00021,52.51872,0.95611,78.14199,0.99642
6.15595,53.76139,0.99985,56.74854,1.00031,52.73658,0.95617,78.5045,0.99608
6.16595,53.77301,0.99991,56.86619,1.00011,52.79064,0.956,78.26046,0.99583
6.17688,53.75541,0.99982,56.98416,1.00013,52.6686,0.95546,78.4003,0.99613
6.18707,53.63856,0.99988,56.78948,0.9999,53.11047,0.9561,78.28215,0.99606
6.19791,53.58424,0.9999,57.17753,1.00017,52.82592,0.95597,78.16176,0.99645
6.20888,53.63197,0.99983,56.94678,1.00019,52.9253,0.95617,78.46761,0.99606
6.21987,53.67094,0.99991,56.99099,0.99999,52.71651,0.95607,78.16273,0.99618
6.23085,53.92407,0.99993,57.01373,1.00024,52.85797,0.95624,78.29348,0.99603
6.2418,53.59112,0.99983,56.80768,1.00023,53.05867,0.95593,78.2789,0.99609
6.25275,53.35402,0.99985,57.27146,0.99957,52.77284,0.95604,78.26887,0.9955
6.26275,53.60936,0.9997,56.78363,1.00019,52.78223,0.95608,78.35011,0.9961
6.27375,53.81071,0.99982,57.17104,1.00017,52.80683,0.95585,78.13909,0.99608
6.28468,53.57826,0.99988,56.96888,1.00024,52.93502,0.95598,78.57313,0.99603
6.29568,53.86096,1.00011,57.07029,1.00004,52.43781,0.95603,78.34915,0.99613
6.30663,53.26479,0.99986,57.15316,1.00016,52.65631,0.95607,78.09506,0.9961
6.31749,53.84904,0.99946,56.84571,1.0004,53.16583,0.95597,78.42068,0.99585
6.32757,53.84806,0.9998,57.22401,1.00019,53.04604,0.956,78.1886,0.99619
6.33856,53.97594,0.9998,57.35011,1.00016,53.15546,0.95648,78.13164,0.99607
6.3495,53.67811,1.00001,57.14699,1.00012,53.60413,0.95577,78.71295,0.99609
6.3605,53.45352,0.99982,57.42844,1.00012,52.75827,0.95602,78.23132,0.99611
6.37138,53.47022,1.00004,56.92924,1.00015,53.18719,0.95563,78.07727,0.99608
6.38238,53.82738,0.99984,56.77519,1.0001,52.91139,0.95625,78.06755,0.99634
6.39241,53.28548,0.99991,57.1213,1.00058,53.05609,0.95604,78.05525,0.99608
6.40342,53.63698,0.99985,57.10734,1.00015,53.362,0.95535,78.51422,0.99611
6.41438,53.43847,0.99996,57.21653,1.00016,53.14964,0.95599,78.46826,0.99597
6.42532,53.71522,1.00009,56.86066,1.00002,53.48435,0.95602,78.22065,0.99613
6.43533,54.02089,0.99983,57.23993,1.00025,53.45717,0.95602,78.51422,0.99609
6.44536,53.6618,0.99983,56.80476,1.00018,53.16227,0.95605,78.60194,0.99604
6.45631,53.36811,0.99984,56.87138,1.00023,53.22053,0.95607,78.18019,0.99643
6.4673,53.72148,0.99986,56.85253,1.0002,52.60775,0.95554,78.57022,0.9961
6.47826,53.93823,0.99992,57.05729,1.00013,53.20661,0.95612,78.61941,0.99543
6.48828,53.80441,0.99984,56.64453,1.00012,53.14802,0.95604,78.40903,0.99609
6.4992,53.44193,0.99978,56.69393,1.00006,53.16905,0.95601,78.6233,0.99608
6.50923,53.62538,0.99989,57.33678,1.0001,52.99135,0.95609,78.42035,0.99604
6.52025,53.70672,0.99967,57.08654,1.00034,53.02791,0.95601,78.38929,0.99613
6.53121,53.69354,0.99986,56.81776,1.00012,53.17651,0.95621,78.41873,0.99604
6.54122,53.68661,0.99986,57.02868,1.00008,53.03116,0.95612,78.73595,0.99609
6.55219,53.6417,0.99986,56.76121,1.00008,53.04962,0.95552,78.18893,0.99568
6.56221,53.6279,0.9997,56.60716,1.00015,53.11371,0.956,78.12225,0.99623
6.573,53.56442,0.99992,57.31793,1.00011,53.04315,0.95601,78.67962,0.9961
6.58398,53.61028,0.99979,56.85773,1.00015,52.86089,0.95667,78.58058,0.99613
6.5949,53.7526,0.99983,57.25066,1.00015,53.16032,0.95562,78.51972,0.99644
6.60494,53.38158,0.99987,57.18859,1.00011,53.13021,0.95597,78.488,0.99615
6.61593,53.5795,0.99968,57.10083,1.00048,53.2173,0.95598,78.64466,0.99603
6.62681,53.54493,0.99988,56.38844,1.00026,53.44745,0.95602,78.38702,0.99663
6.63688,53.43501,0.99985,56.88016,1.00006,53.30697,0.95604,78.33491,0.99606
6.64782,53.47302,1.00034,57.30396,1.00015,53.09947,0.95612,78.22163,0.99612
6.65882,53.27326,0.99993,57.28738,1.00018,53.059,0.95618,78.50257,0.99569
6.6698,53.5104,1.00047,56.59383,1.00017,53.13184,0.95589,79.22566,0.99602
6.68073,53.65551,0.99984,56.98156,1.00018,52.8719,0.95607,78.37051,0.99608
6.69173,53.1947,0.99991,56.89804,1.0001,52.70453,0.95596,78.53687,0.99601
6.70271,53.61376,0.99989,57.20678,1.00032,52.90946,0.95606,78.27826,0.99616
6.7137,53.65708,0.99978,57.37643,1.00022,53.13604,0.95603,78.0695,0.99609
6.72371,53.52169,1.00033,57.11676,1.00019,53.44842,0.956,78.55533,0.99573
6.73458,53.51984,0.99983,56.68971,1.00023,53.39955,0.95595,78.25237,0.9961
6.74462,53.64545,0.99988,57.00723,1.0002,52.77834,0.9561,78.28895,0.99615
6.75463,53.32066,0.99992,56.76803,1.00014,52.86283,0.95633,78.23587,0.99605
6.76557,53.48277,0.99973,56.96466,1.00037,52.87449,0.95601,78.60064,0.99593
6.77557,53.64453,0.9999,57.44631,1.0002,53.38303,0.95602,78.3621,0.99605
6.7865,53.28016,0.99986,57.48791,1.00012,53.40667,0.95579,78.8052,0.99603
6.79744,53.55122,0.99995,57.29746,1.0003,53.00009,0.95569,78.48963,0.99546
6.80746,53.64954,0.99992,57.28413,1.00017,53.2474,0.95604,78.37408,0.99623
6.81844,53.83995,0.99988,57.25065,1.00064,53.06839,0.95595,78.85149,0.99619
6.82946,53.82701,0.99989,56.82166,1.00016,53.23108,0.95421,78.76767,0.99603
6.84042,53.52328,0.99983,57.03583,1.0002,53.07286,0.95178,78.3142,0.99617
6.85143,53.3106,1.00016,56.91623,1.0002,52.96245,0.9501,78.42651,0.99586
6.86227,53.38974,0.99986,57.3137,1.00018,52.64267,0.94783,78.40515,0.99598
6.87227,53.64079,0.99985,57.31956,1.00014,52.98675,0.94631,78.924,0.99547
6.88231,53.37253,0.99939,56.86261,1.00023,53.1467,0.94364,78.77963,0.99608
6.89332,53.51887,0.99983,56.77778,1.00015,53.36486,0.94172,78.71005,0.99627
6.90427,53.59398,0.99992,57.16941,1.00007,53.1626,0.93945,78.59838,0.99607
6.91525,53.60683,0.99973,57.44046,0.9996,53.03438,0.9375,78.8612,0.99608
6.92529,53.26002,0.99985,57.35141,0.99968,52.67577,0.93473,78.47733,0.99605
6.93621,53.62189,0.99985,56.83986,1.00016,52.73507,0.93312,78.79679,0.99593
6.94723,53.8437,0.9995,56.88894,1.00008,52.52592,0.93103,78.62362,0.99599
6.95724,53.72563,0.99955,57.03096,1.00044,52.79692,0.92844,78.76443,0.99613
6.96819,53.50662,0.99986,56.91721,1.00008,52.58852,0.92669,79.00134,0.9961
6.97821,53.51701,0.99986,57.12716,1.00017,52.16451,0.92454,78.60744,0.99605
6.98921,53.22265,0.99991,56.83011,1.0001,53.0699,0.92216,78.82981,0.99613
6.99925,53.4231,0.99986,57.01504,1.00037,52.66792,0.92044,78.71135,0.99617
7.0102,53.69602,0.99988,57.02088,1.00014,52.7213,0.91834,78.26823,0.99609
7.02021,53.59835,1.00036,57.21426,1.00014,52.44167,0.91642,78.63464,0.99617
7.03121,53.74693,0.99985,56.78916,1.00008,52.80655,0.914,78.77864,0.99403
7.04217,53.80758,0.9998,56.83661,0.99955,52.16396,0.91195,78.34165,0.99189
7.06195,53.75407,0.99807,57.03773,0.99816,52.87488,0.90992,78.78707,0.98985
7.07201,53.91145,0.99606,57.28513,0.99595,52.30997,0.90771,78.18639,0.98809
7.08293,53.71677,0.99396,57.357,0.99377,52.45182,0.9056,78.66893,0.98364
7.09386,53.39704,0.99168,56.89319,0.99179,52.46992,0.90393,78.46378,0.98164
7.10387,53.43447,0.98968,56.78838,0.98807,52.63184,0.90142,78.46869,0.97927
7.11584,53.45494,0.98697,56.65965,0.98596,51.81735,0.89946,78.55065,0.97712
7.12588,53.49018,0.98553,56.91223,0.98372,52.16993,0.89729,78.13317,0.97495
7.13682,53.42081,0.98329,56.96647,0.98222,52.39238,0.89506,78.47375,0.97277
7.14784,53.35497,0.98068,56.81898,0.9796,52.45352,0.89308,78.13776,0.97073
7.15878,53.23438,0.97892,56.90678,0.97737,52.43481,0.8905,78.04653,0.96878
7.16879,53.24005,0.97692,56.63579,0.97536,52.19879,0.88889,78.03388,0.96653
7.17972,53.52128,0.97495,56.95239,0.97307,52.03755,0.88684,78.45698,0.96435
7.19066,53.22233,0.97257,56.65476,0.97116,52.00331,0.8846,78.16768,0.96236
7.20162,53.63957,0.97024,56.58322,0.96885,52.38956,0.88251,77.99813,0.95997
7.21167,53.32699,0.968,56.64762,0.96667,51.73109,0.88046,77.50289,0.95795
7.22265,53.09399,0.96612,57.06854,0.96415,52.19729,0.87777,77.95932,0.95554
7.23366,53.51252,0.96365,56.29274,0.9627,51.90042,0.87628,77.64218,0.95359
7.24462,53.10294,0.96172,56.56092,0.96032,52.18471,0.87417,77.82446,0.95103
7.25558,53.27177,0.95962,56.71633,0.95797,51.53312,0.87193,77.74524,0.94922
7.26653,53.10096,0.95759,56.80437,0.95608,51.56587,0.8697,77.97274,0.94725
7.27753,53.00806,0.95515,56.39557,0.95398,51.95567,0.86755,77.732,0.94437
7.28849,53.14731,0.95281,56.48371,0.9516,51.96634,0.86549,77.93273,0.94281
7.29937,53.03492,0.95087,56.80388,0.94949,51.87996,0.86338,77.51557,0.94072
7.3094,52.6354,0.94889,56.35804,0.9473,51.76998,0.86118,77.79713,0.93873
7.3204,52.98382,0.94689,56.47087,0.94511,51.54471,0.85881,77.40265,0.93645
7.33138,52.74833,0.94448,56.84361,0.94313,51.69433,0.85681,77.54835,0.93427
7.34139,52.68546,0.94252,55.90052,0.94092,51.36346,0.85487,77.74552,0.9321
7.35236,52.92178,0.94025,56.6029,0.93875,51.47293,0.85277,77.3083,0.92997
7.36237,52.48359,0.93824,56.69549,0.9368,51.55101,0.85037,77.38984,0.92795
7.37338,52.71833,0.93615,56.08618,0.93461,51.52184,0.84846,77.09438,0.92568
7.38431,52.20702,0.93392,56.57958,0.93241,51.87669,0.8464,77.68117,0.92378
7.39526,52.53789,0.93166,56.28227,0.93012,51.20624,0.84421,77.06755,0.9215
7.40623,52.62156,0.92968,56.13835,0.9277,51.67212,0.84208,77.07982,0.91965
7.41628,52.51566,0.92749,56.06593,0.92573,51.70285,0.83985,77.43881,0.91737
7.42721,52.4435,0.92529,55.96327,0.92358,51.0665,0.83785,77.26378,0.91519
7.43823,52.83718,0.92316,56.00159,0.9216,51.43785,0.83576,76.87316,0.91291
7.44825,52.35728,0.9211,55.95029,0.91943,50.95558,0.8336,76.86287,0.91086
7.45923,52.52312,0.9189,56.19661,0.91748,51.47843,0.83134,76.79433,0.90845
7.46923,52.4308,0.91647,56.18594,0.91525,51.13244,0.82899,77.18958,0.90642
7.48015,52.22358,0.91471,56.06314,0.91312,50.93334,0.82712,76.6271,0.90437
7.49104,52.42752,0.91247,55.71601,0.91172,50.93298,0.82514,77.15148,0.90205
7.50188,52.04185,0.91045,56.01474,0.90886,50.98128,0.82337,76.53164,0.90004
7.51195,51.84929,0.90838,55.75609,0.90667,50.71492,0.82063,76.71771,0.89815
7.52196,52.41975,0.90642,55.82918,0.90437,50.68002,0.81856,76.7906,0.8958
7.5329,52.01927,0.90419,55.34824,0.90256,50.90789,0.81652,76.7654,0.89369
7.5429,52.16511,0.90223,55.58457,0.90033,50.86555,0.8146,76.21515,0.89219
7.55292,52.11422,0.90029,55.91906,0.89817,50.79341,0.81219,76.60167,0.88951
7.56387,51.86357,0.89755,55.49108,0.89594,50.84162,0.81013,76.58976,0.88729
7.57483,52.25477,0.89585,55.63934,0.89393,50.75977,0.80804,76.49465,0.88494
7.58578,51.64985,0.89365,55.68847,0.89155,50.68505,0.80576,76.18463,0.88295
7.59584,51.5418,0.89145,55.63457,0.88919,51.01046,0.80316,76.3009,0.88066
7.60662,52.0486,0.88947,55.22254,0.88719,51.01398,0.80192,76.61873,0.87878
7.61765,51.86206,0.88733,55.76827,0.88493,50.81982,0.79941,75.95201,0.8766
7.6277,51.99869,0.88538,55.70778,0.8829,50.59383,0.79744,76.10387,0.87414
7.63865,51.61902,0.88318,55.38837,0.88079,50.65605,0.79518,75.84726,0.87223
7.64875,51.6894,0.88119,55.34715,0.87911,50.40523,0.79307,76.4762,0.87051
7.65983,51.72435,0.87894,54.94095,0.87654,50.54018,0.79102,75.85441,0.86816
7.67059,51.46177,0.87677,55.18183,0.8745,50.7348,0.78867,75.86741,0.86587
7.6806,51.83846,0.87421,55.23347,0.87261,50.56134,0.7866,76.01175,0.86384
7.69158,51.45592,0.87256,55.11003,0.87008,49.9771,0.78493,75.48841,0.86161
7.70258,51.69001,0.87035,55.05353,0.86842,50.52285,0.78249,76.03193,0.85943
7.71354,51.64647,0.86807,55.04677,0.86567,50.02948,0.78048,75.83188,0.85738
7.72449,51.79954,0.86601,54.69842,0.86341,50.31238,0.77843,75.67494,0.85526
7.7345,51.26302,0.86404,55.16996,0.86136,50.44871,0.77603,75.46228,0.85325
7.74548,51.31118,0.86179,54.66757,0.85928,50.06672,0.77434,75.34354,0.85114
7.75551,51.51912,0.85977,54.98938,0.85765,50.21397,0.77223,75.64646,0.84887
7.76645,51.62194,0.85756,54.88826,0.85515,50.01104,0.77046,75.23547,0.84685
7.77648,51.63917,0.85612,55.21494,0.85291,50.11728,0.76786,76.04504,0.84466
7.78739,51.48252,0.85348,54.78754,0.85094,50.28297,0.76589,75.65831,0.84243
7.79742,51.31162,0.85136,54.77353,0.84943,49.83397,0.76344,75.43793,0.84032
7.8083,51.05665,0.84967,54.69526,0.84669,50.33774,0.76176,75.71949,0.83872
7.81836,50.80003,0.84742,54.96245,0.84443,49.6771,0.75953,75.38933,0.83646
7.82932,51.25244,0.84503,54.42294,0.84257,50.07403,0.75743,75.04888,0.8342
7.83936,51.40796,0.84301,54.95761,0.8403,49.58691,0.75383,75.24111,0.83211
7.85036,51.51358,0.84053,54.39215,0.83878,49.87984,0.75184,74.96014,0.83062
7.86038,51.09136,0.83882,54.29105,0.8361,49.69894,0.74938,74.74431,0.82799
7.87133,51.00664,0.8366,54.53843,0.83409,49.60935,0.74738,75.04174,0.82595
7.88245,50.91816,0.83417,54.5297,0.83218,49.67933,0.74524,75.29329,0.82381
7.89338,51.1724,0.83228,54.2453,0.83011,49.38578,0.74303,74.87744,0.82161
7.90338,51.11271,0.8303,54.91258,0.82768,49.90249,0.74086,74.71177,0.81996
7.91436,50.58222,0.8281,54.57594,0.82556,49.88952,0.73877,75.04328,0.81723
7.92527,50.50222,0.82594,54.44762,0.82329,49.47706,0.73665,74.69207,0.8152
7.93527,50.78242,0.82384,54.46611,0.82127,49.20617,0.73461,74.71931,0.8129
7.94621,50.96373,0.82134,54.51947,0.81916,49.68857,0.73241,74.80968,0.81086
7.95623,50.59651,0.81953,54.80389,0.81692,49.00883,0.73037,74.47732,0.80882
7.96721,50.69087,0.81755,54.15038,0.81462,49.3844,0.72803,74.32323,0.80691
7.97724,51.08039,0.81554,54.16668,0.81249,49.50973,0.72585,74.44983,0.80439
7.98823,50.64287,0.81336,54.33281,0.81034,49.26142,0.72389,74.64952,0.80247
7.99933,50.87042,0.81115,53.90215,0.80827,48.92933,0.72185,74.39775,0.80059
8.01021,50.88998,0.8083,54.03806,0.80645,49.13811,0.71944,73.87087,0.79816
8.02022,50.71843,0.80697,54.22402,0.80391,49.51586,0.71772,74.68034,0.79617
8.03023,50.30476,0.80494,53.88316,0.80113,49.57873,0.71548,74.41058,0.79373
8.04119,50.43769,0.80281,53.93639,0.79779,49.46774,0.7135,74.22345,0.79173
8.05226,50.50692,0.80048,53.72291,0.79603,48.9217,0.71105,74.12513,0.79003
8.06807,50.33115,0.79755,53.96997,0.79339,49.07906,0.70946,73.98924,0.78737
8.07828,50.30322,0.79548,54.26569,0.79137,49.35582,0.70696,73.88346,0.78545
8.08917,50.10853,0.79333,54.03921,0.78879,49.0761,0.70493,74.18324,0.783
8.09923,50.49648,0.79127,53.94469,0.78704,49.19594,0.70276,73.77451,0.78079
8.10924,50.47667,0.78939,53.88982,0.78483,48.62778,0.70042,74.14936,0.77879
8.12029,49.83598,0.78768,53.6415,0.78315,49.21894,0.69857,74.18687,0.7766
8.13103,50.05309,0.78497,53.33183,0.78062,48.80205,0.69669,73.75381,0.77459
8.14109,50.01886,0.78301,53.12226,0.77839,48.80525,0.69443,73.55245,0.77259
8.1512,49.82756,0.78097,53.04724,0.77604,48.72439,0.69226,73.53211,0.76988
8.16199,49.83106,0.77887,53.27674,0.77404,48.52245,0.68988,73.3671,0.76817
8.17292,49.73318,0.77674,53.54428,0.7722,48.58563,0.68781,73.54347,0.76614
8.18303,49.90465,0.77464,53.38727,0.76994,48.71163,0.6856,73.61538,0.76401
8.19394,49.9896,0.77247,53.54852,0.76763,48.45628,0.68336,73.70923,0.76203
8.2049,50.01414,0.77021,53.62552,0.76573,48.61195,0.68144,73.81674,0.75991
8.21588,49.68471,0.76761,53.24758,0.76374,48.72814,0.67934,73.28015,0.75799
8.22681,49.60503,0.76592,52.99579,0.7613,48.49122,0.67733,73.51973,0.75542
8.23776,50.01504,0.7637,52.69749,0.75911,48.42452,0.67506,73.18641,0.75325
8.24779,49.72605,0.76118,53.43432,0.75693,48.61331,0.6731,72.79021,0.75191
8.25791,49.84822,0.75952,52.96054,0.75457,48.36994,0.67095,73.64022,0.74915
8.26885,49.42772,0.75742,52.96382,0.75258,48.15084,0.66874,73.18196,0.74684
8.27887,49.68655,0.75552,52.79878,0.75038,48.36033,0.66655,72.94317,0.7447
8.28979,49.38445,0.75329,53.14552,0.74833,48.36678,0.66454,73.07076,0.74254
8.30077,49.54662,0.75111,53.0367,0.74603,47.7809,0.66233,72.92248,0.74048
8.31172,49.12924,0.74883,52.92625,0.74401,47.65657,0.66032,73.30091,0.73851
8.32174,49.3975,0.74693,52.45701,0.74166,48.33829,0.65833,73.06137,0.73638
8.33266,49.3646,0.74474,53.27012,0.73965,48.19493,0.65598,72.67746,0.73437
8.34267,49.45007,0.74221,52.74401,0.73756,48.02399,0.65411,72.90799,0.73218
8.35268,49.17303,0.74088,52.91296,0.73562,48.15263,0.65181,72.96178,0.72998
8.36363,49.21578,0.73853,52.89896,0.73402,48.32905,0.64948,72.88837,0.72777
8.37365,48.93463,0.73686,52.86749,0.7314,48.38186,0.64765,72.7227,0.72591
8.38461,48.96299,0.73439,53.07294,0.72867,47.9335,0.6456,72.64993,0.72337
8.39549,48.91623,0.73221,52.97508,0.72669,47.65192,0.64339,72.27648,0.72131
8.40552,48.75321,0.7303,52.49348,0.72505,48.13713,0.64142,72.28042,0.71902
8.41552,49.00921,0.72806,52.68488,0.72307,48.03456,0.63926,72.63869,0.717
8.4264,48.95122,0.72607,52.64487,0.72119,47.92521,0.63665,72.58817,0.71504
8.4364,49.14471,0.72458,52.5302,0.71889,47.76859,0.63484,71.86774,0.71308
8.4474,49.46177,0.72186,52.51424,0.71685,47.57369,0.63281,72.5526,0.71092
8.45759,48.82032,0.7198,52.53736,0.71498,47.53749,0.6308,72.21604,0.70871
8.46854,48.92278,0.71765,51.97517,0.7125,48.11019,0.6285,71.91024,0.70658
8.47954,48.63956,0.71546,51.91511,0.71037,47.89912,0.62644,72.64559,0.70448
8.49052,48.69868,0.7132,52.43939,0.7082,47.81468,0.62436,72.05592,0.70227
8.5015,48.60899,0.71132,52.3179,0.70597,47.45663,0.62229,72.49261,0.70012
8.51154,48.70159,0.70888,52.40203,0.70395,47.55315,0.62016,72.15186,0.69788
8.52155,48.46757,0.70706,52.06572,0.70176,47.71895,0.61797,72.22961,0.69545
8.53157,48.7509,0.70507,52.39304,0.69958,47.31889,0.61573,71.94419,0.69356
8.54252,48.43747,0.70258,52.25465,0.69739,47.15894,0.61373,71.70215,0.69079
8.55351,48.20134,0.70067,51.80905,0.69536,47.60994,0.61169,72.35473,0.68911
8.56439,48.07043,0.69802,51.65765,0.69376,47.38048,0.60937,72.102,0.68693
8.5744,48.82369,0.69632,51.71978,0.69103,47.56497,0.60743,71.72532,0.68472
8.5853,48.45285,0.69429,52.09944,0.68879,47.32377,0.60499,72.03157,0.68252
8.59633,48.20977,0.69165,51.71405,0.68651,46.86934,0.6032,71.79308,0.68005
8.60733,48.53846,0.68988,51.27698,0.68442,47.40893,0.60126,71.64134,0.67813
8.61829,48.09534,0.68775,51.92736,0.68231,47.13537,0.59922,71.58315,0.67641
8.62925,48.25715,0.68565,51.32617,0.68007,47.25585,0.59703,71.60092,0.67369
8.64028,47.84319,0.68329,51.30534,0.67808,47.03309,0.595,71.31316,0.67201
8.65126,48.20518,0.68076,51.72822,0.67549,46.85178,0.59305,71.67054,0.66981
8.66236,48.57883,0.67895,51.60924,0.67389,46.90808,0.59096,71.59616,0.66708
8.67338,48.33012,0.67624,51.29731,0.67167,46.60182,0.589,70.9382,0.66544
8.68342,48.36656,0.67473,51.41013,0.6695,47.01332,0.58672,71.10098,0.6633
8.69442,48.2221,0.67256,51.34413,0.66742,46.49347,0.58474,71.32888,0.66128
8.70539,48.48203,0.6706,51.7501,0.66527,46.81401,0.58253,70.83924,0.65905
8.71627,48.40516,0.66816,51.63729,0.66333,46.37308,0.5805,71.60013,0.65645
8.72631,48.12674,0.66619,51.14424,0.66145,46.96902,0.57844,71.41087,0.65487
8.7373,48.17186,0.66383,51.1365,0.65921,46.65668,0.57613,70.99049,0.65337
8.74733,47.54041,0.66217,51.23501,0.65756,46.84118,0.57432,71.05364,0.6505
8.75827,47.86658,0.65977,51.04812,0.6548,46.71586,0.57235,70.85984,0.64831
8.76827,47.67808,0.65777,51.00625,0.65264,46.58159,0.57009,70.98323,0.64617
8.77922,48.02685,0.65545,51.32342,0.65068,46.71728,0.56795,71.0587,0.64386
8.79025,47.8504,0.65343,51.21589,0.64851,46.18417,0.56571,70.77837,0.64175
8.8012,47.62495,0.65127,50.96016,0.6464,46.31664,0.56353,70.8477,0.63976
8.81123,47.4242,0.64965,50.96338,0.6444,46.59986,0.56157,70.86805,0.63774
8.82223,47.50506,0.64705,51.1113,0.64221,46.39233,0.5596,70.73281,0.63507
8.83227,47.62656,0.64504,50.8803,0.64,46.33671,0.55751,70.45703,0.63349
8.84297,47.35744,0.64311,51.10037,0.63822,45.97227,0.55509,70.64837,0.63143
8.85299,47.3213,0.64088,50.88073,0.63562,46.11249,0.55257,70.71933,0.629
8.86421,47.33904,0.63869,51.1433,0.63365,45.75289,0.55077,70.34523,0.62697
8.87519,47.55115,0.63662,50.63051,0.63164,45.9268,0.5487,70.47571,0.62478
8.88602,47.65675,0.63423,50.65396,0.62926,45.91099,0.54632,70.10897,0.6232
8.89602,47.4595,0.6322,50.64848,0.62695,45.81977,0.54418,70.35881,0.62081
8.907,47.66001,0.62983,50.48824,0.6257,45.89969,0.54222,70.26955,0.61863
8.91795,47.2747,0.62789,51.05759,0.62302,45.78215,0.54015,70.18999,0.61649
8.92796,47.06919,0.62593,50.39173,0.62089,45.66503,0.53807,69.73627,0.61424
8.93796,47.45624,0.62386,50.60294,0.61895,45.59215,0.53602,69.84604,0.61248
8.94888,46.87859,0.62181,50.58706,0.61692,45.60895,0.53422,69.79261,0.61002
8.95889,47.33347,0.61984,50.32745,0.61443,45.74692,0.53186,69.91561,0.60851
8.96983,47.11835,0.61772,50.68727,0.61243,45.37365,0.52993,69.34861,0.60586
8.97984,47.18843,0.61573,50.18122,0.61032,45.45107,0.52801,69.85996,0.60382
8.99078,47.0374,0.61339,50.53715,0.60809,45.40807,0.5255,69.6778,0.60186
9.00172,47.25831,0.61084,50.3045,0.60592,45.76391,0.52384,69.4224,0.59943
9.01265,47.16697,0.60903,50.66498,0.60383,45.74681,0.52113,69.55872,0.5975
9.02271,47.0021,0.60701,49.9845,0.60154,45.77268,0.51905,69.53161,0.59462
9.03273,47.02064,0.60507,50.28778,0.59942,45.61347,0.51694,69.05038,0.59308
9.0436,46.74549,0.6031,50.1757,0.59708,45.61548,0.51477,69.16438,0.59087
9.05455,47.11565,0.60063,49.75327,0.59545,45.17755,0.51255,69.66805,0.58856
9.06552,46.72433,0.59852,50.47938,0.59278,45.29641,0.51048,69.44631,0.58679
9.07558,46.99797,0.59658,50.26721,0.59054,45.69594,0.5081,69.4098,0.58448
9.08652,46.87486,0.59425,49.93283,0.58841,45.41761,0.50641,69.3024,0.5819
9.09752,47.14672,0.59253,50.07547,0.58642,45.26713,0.50376,69.34315,0.58042
9.10847,46.74659,0.58976,50.0037,0.58417,44.87905,0.50102,69.35186,0.5783
9.11848,46.65767,0.58784,49.91917,0.58234,45.11447,0.49942,69.29972,0.57639
9.12938,46.90592,0.58566,49.95465,0.58001,45.06176,0.4972,68.98356,0.57384
9.13942,46.75573,0.58345,49.9859,0.57832,45.05567,0.49522,69.07384,0.57199
9.1504,46.09396,0.58152,49.79065,0.57566,45.14921,0.49297,68.64245,0.56989
9.16134,46.64633,0.57936,49.66004,0.57352,44.73749,0.49084,69.18661,0.56772
9.17138,46.45848,0.5768,49.78253,0.57104,45.03528,0.4884,69.05266,0.5656
9.18225,46.15284,0.57518,49.54533,0.56934,44.71162,0.4867,68.79144,0.56358
9.19319,46.26325,0.57287,49.60616,0.56719,44.85475,0.48445,68.7012,0.56112
9.20325,45.688,0.57105,49.21484,0.56515,44.86483,0.48236,68.4446,0.55912
9.21327,46.03109,0.56904,49.82881,0.56292,44.47255,0.48018,68.25337,0.55695
9.22424,46.26147,0.56678,49.42619,0.56078,44.27546,0.47781,68.66254,0.55473
9.23523,46.33189,0.56471,49.3592,0.55812,44.92943,0.47578,68.50554,0.55281
9.24525,46.30456,0.56277,49.44279,0.5566,44.59889,0.47376,68.53862,0.55057
9.25621,45.79669,0.56039,49.37557,0.55444,44.13603,0.47186,68.62339,0.54853
9.26622,46.03291,0.55838,49.28105,0.55207,44.61414,0.46955,68.56875,0.54657
9.27725,45.45649,0.55662,49.03531,0.55016,44.52517,0.46733,68.18356,0.5444
9.28821,45.89765,0.55401,49.1085,0.54798,44.32679,0.46539,68.40459,0.54239
9.29924,45.65869,0.5521,48.69647,0.54595,44.28726,0.4632,68.21369,0.53977
9.31023,45.70463,0.54962,49.26907,0.54381,44.0005,0.46091,68.34644,0.53802
9.32125,45.59919,0.54795,49.21543,0.54175,44.11743,0.4591,67.97916,0.53578
9.33196,45.52542,0.54528,48.79395,0.53965,44.15212,0.4566,68.22091,0.53383
9.34221,45.95049,0.54324,49.32765,0.53765,44.36324,0.45424,67.95103,0.53158
9.35302,45.96883,0.54143,49.11418,0.53523,43.76636,0.45229,68.08761,0.52959
9.36396,45.58684,0.53888,49.01544,0.53304,44.08843,0.45029,68.08507,0.5279
9.37496,45.78111,0.53668,48.8803,0.53086,43.57142,0.44825,68.03754,0.52528
9.38593,45.89838,0.53459,48.85044,0.52889,43.72038,0.44602,67.3016,0.52309
9.39688,45.61608,0.53233,48.996,0.52672,44.14282,0.44409,67.34235,0.5211
9.40779,45.16564,0.53047,48.46112,0.5245,43.90527,0.44188,67.4214,0.51892
9.41786,45.28471,0.52816,48.94631,0.52278,43.88558,0.43976,67.50528,0.51668
9.42883,45.49805,0.52603,48.75624,0.52036,43.74732,0.43766,67.13337,0.51477
9.4398,45.11777,0.52389,48.51799,0.51833,43.93221,0.43552,67.61373,0.51248
9.45068,45.39562,0.52172,48.66624,0.51622,43.29132,0.43357,67.33448,0.51031
9.46071,45.08488,0.51965,48.44325,0.51439,43.37296,0.43125,67.2244,0.50823
9.47175,45.09848,0.51738,48.79204,0.512,43.91297,0.42887,67.24162,0.50636
9.48265,44.97134,0.51522,48.80867,0.50937,43.30994,0.42681,67.02959,0.50415
9.49368,45.50204,0.51301,48.30749,0.50766,43.5304,0.42468,67.47404,0.50188
9.50468,45.16566,0.51081,48.34687,0.50559,43.45214,0.42251,67.21929,0.49955
9.51557,45.18962,0.50883,48.49285,0.50295,43.15492,0.4207,67.04715,0.49773
9.5266,44.99207,0.50645,48.29629,0.50109,42.80795,0.41833,67.32202,0.49553
9.53663,44.98772,0.50444,48.53619,0.49872,42.94745,0.41627,67.04104,0.49321
9.54755,45.31387,0.50224,48.33564,0.49707,43.48099,0.41447,66.75239,0.49137
9.55849,44.94138,0.50004,48.35909,0.49484,43.13103,0.41255,66.99026,0.48941
9.5685,45.16005,0.49807,47.96167,0.4929,43.20296,0.40992,66.8327,0.48676
9.57948,44.51831,0.49554,47.84236,0.49079,43.01979,0.40785,67.05641,0.48497
9.59046,44.62206,0.4937,47.80666,0.48845,42.92336,0.40557,66.8735,0.48299
9.60134,44.33752,0.49205,47.91031,0.4865,42.93736,0.40342,66.80291,0.48125
9.61135,44.7723,0.48939,47.86941,0.48426,42.75063,0.40122,66.46045,0.479
9.62135,44.14621,0.4875,47.53627,0.48226,42.78298,0.39921,66.87804,0.47677
9.63226,44.63482,0.48536,47.90552,0.48007,42.67783,0.39699,66.41397,0.4742
9.64322,44.44545,0.48317,47.83472,0.47794,42.42854,0.39498,66.72767,0.47247
9.65323,44.44073,0.48119,47.81949,0.47571,42.50241,0.39258,66.28326,0.47047
9.66324,44.48535,0.47915,47.71815,0.47363,42.73361,0.39063,66.37167,0.46769
9.67325,44.08732,0.47762,47.53687,0.47132,42.65686,0.38867,66.32124,0.46607
9.68421,44.15525,0.47493,47.42577,0.46943,42.45944,0.38642,65.80562,0.46409
9.69423,44.25362,0.47306,47.69362,0.46701,42.25062,0.38438,65.86427,0.46141
9.70522,44.21501,0.471,47.34357,0.46493,42.20502,0.38225,66.05335,0.45977
9.71623,44.37002,0.4686,47.1314,0.46263,42.83085,0.38004,65.67992,0.45746
9.72721,44.25981,0.46595,47.4207,0.46058,42.61585,0.37808,65.86437,0.45554
9.73817,44.20121,0.46425,47.05961,0.45859,42.65307,0.37607,65.8424,0.45329
9.749,43.96218,0.46198,47.46038,0.45628,42.46343,0.37433,65.8758,0.45077
9.75996,43.79829,0.45988,46.90752,0.45446,42.25923,0.37166,65.24464,0.44917
9.76996,43.64214,0.45794,47.26573,0.45208,42.25474,0.3693,65.31557,0.44697
9.78094,44.08549,0.45579,46.89626,0.44993,42.25246,0.36716,65.67901,0.44507
9.79191,43.81791,0.45359,47.21123,0.4478,42.33401,0.36545,65.91525,0.44267
9.80287,44.06903,0.4514,47.09234,0.44553,42.12326,0.36321,65.57838,0.44084
9.81382,43.58342,0.44911,47.01961,0.44349,41.97659,0.36143,65.33853,0.43875
9.82384,43.12258,0.44718,46.7808,0.44088,41.70182,0.35923,65.46513,0.43631
9.83476,43.61499,0.44497,46.83764,0.43906,42.24888,0.35665,65.42635,0.43438
9.84577,43.17458,0.44264,46.77952,0.43711,41.93848,0.35498,65.49655,0.43247
9.85669,43.54569,0.4406,46.95735,0.43497,41.6051,0.35273,65.02439,0.43018
9.86761,43.65036,0.43788,46.32659,0.4327,42.10263,0.35059,64.86003,0.42806
9.87859,43.23518,0.43617,46.51287,0.42993,42.09687,0.34871,64.95386,0.42606
9.88863,43.58007,0.43418,46.59092,0.42837,41.62558,0.34698,65.38051,0.42389
9.89865,43.21036,0.43213,46.58317,0.42607,42.00592,0.34414,65.04679,0.42184
9.90958,43.45294,0.43025,46.18502,0.4242,41.59098,0.34236,64.79883,0.41988
9.92054,43.55324,0.42787,46.14673,0.42189,41.49197,0.34023,64.8429,0.41785
9.93154,43.2009,0.4254,46.12078,0.41966,41.64667,0.33807,64.53096,0.41549
9.94249,43.07649,0.4234,46.04145,0.41761,41.41885,0.33596,64.82481,0.4135
9.95348,43.28238,0.42114,46.04379,0.41532,41.0395,0.33421,64.65558,0.41139
9.9643,43.15464,0.41913,46.2437,0.41338,41.13181,0.3315,64.31355,0.40915
9.9744,43.20615,0.41713,45.75562,0.41147,41.33768,0.32952,64.50675,0.4071
9.98537,42.69136,0.41482,45.87454,0.40918,41.3536,0.32713,64.29246,0.4047
9.99635,42.80861,0.41273,45.78879,0.40704,41.67932,0.32523,64.28442,0.403
10.00725,42.80584,0.41057,46.23539,0.40487,40.85318,0.32317,64.66146,0.40097
10.01823,42.67181,0.40869,46.34359,0.40286,41.21059,0.32103,64.18639,0.3989
10.02848,42.87382,0.40624,45.89872,0.40065,41.07695,0.31885,64.25369,0.3966
10.03852,42.76893,0.40424,45.53251,0.39875,40.86782,0.31683,64.05371,0.39458
10.04858,42.30524,0.40232,45.76039,0.39626,40.85396,0.31438,64.26642,0.39226
10.05949,43.08816,0.40017,45.66132,0.39413,41.0392,0.31239,64.4075,0.39053
10.06949,42.64143,0.39852,45.68088,0.39172,40.95628,0.31097,64.12791,0.38829
10.08052,42.63962,0.396,45.38737,0.38994,40.72553,0.30823,63.98071,0.38552
10.09157,42.71982,0.39373,45.32494,0.3879,40.55198,0.30621,63.88099,0.38407
10.10247,42.39921,0.39168,44.99082,0.38587,40.41026,0.30363,64.0801,0.38187
10.11249,42.23707,0.38956,45.34276,0.38386,40.75864,0.3018,63.58561,0.38023
10.12349,41.76154,0.38734,45.3022,0.3819,40.81825,0.29971,64.21898,0.37785
10.13447,42.0632,0.38499,45.21839,0.3795,40.69919,0.29753,63.76139,0.37549
10.14547,42.22261,0.38306,44.75981,0.37749,40.18671,0.2955,63.71864,0.3735
10.15549,42.41639,0.38097,44.8684,0.37515,40.70893,0.29309,63.37755,0.37172
10.16649,42.14473,0.37904,44.97603,0.37309,40.79639,0.29111,63.74466,0.36913
10.17746,41.90643,0.37661,44.84934,0.37032,40.6808,0.28916,63.54104,0.36718
10.18747,42.21147,0.3747,44.38693,0.36879,40.18483,0.28712,63.4877,0.36486
10.19844,42.02745,0.37236,44.48968,0.36664,40.1635,0.28479,63.27577,0.36275
10.2085,42.05256,0.37021,44.63403,0.36452,39.95348,0.28278,62.88356,0.36054
10.21947,41.74194,0.36824,44.19299,0.36237,40.49708,0.28053,63.05572,0.35803
10.22948,41.79789,0.36623,44.48553,0.36022,39.90236,0.27909,63.30629,0.35633
10.24047,41.26668,0.36417,44.17749,0.35804,39.5486,0.27641,62.72216,0.35412
10.25143,41.40066,0.36188,44.01863,0.35588,39.92926,0.27432,62.90337,0.35172
10.26146,41.61051,0.35991,44.2439,0.35307,39.8649,0.27257,62.36098,0.34995
10.27148,41.4949,0.3579,43.8477,0.35187,40.01346,0.26984,62.98956,0.34724
10.28247,41.21446,0.35571,44.01342,0.34968,39.78196,0.26816,62.52123,0.34638
10.29342,40.85258,0.35352,43.95139,0.34756,39.74999,0.26599,62.4925,0.34361
10.30345,41.29149,0.35117,43.89904,0.34502,39.48977,0.26417,62.38606,0.34151
10.31347,41.13631,0.34912,43.49318,0.34332,39.70381,0.26163,62.33431,0.33935
10.3244,41.05218,0.34733,43.50624,0.34121,39.61127,0.26012,62.25531,0.3373
10.33441,40.48667,0.34536,43.49687,0.33885,39.46332,0.25783,62.42529,0.33513
10.34442,41.09585,0.34335,43.10009,0.33687,39.68254,0.25526,62.27938,0.33297
10.35445,40.66735,0.34157,42.88662,0.33511,39.53273,0.25304,62.31344,0.33076
10.36545,40.67589,0.33913,42.86905,0.33266,39.43727,0.25082,62.1316,0.32891
10.37639,40.82457,0.33753,43.1876,0.33046,39.53338,0.24887,62.46631,0.3264
10.38732,40.91924,0.33482,42.36314,0.329,39.57868,0.24689,61.95856,0.32421
10.3983,40.5734,0.33264,42.55266,0.32604,39.09056,0.24499,61.80295,0.32197
10.4092,40.692,0.33028,42.74568,0.32408,39.02976,0.2425,61.5194,0.32003
10.42017,40.33453,0.32828,42.27157,0.32192,38.9055,0.241,61.66865,0.31771
10.43021,40.27169,0.32618,42.01771,0.31995,38.88,0.23811,61.66344,0.31522
10.44122,40.41318,0.32402,42.08755,0.31796,38.63306,0.23597,61.05245,0.31361
10.45222,40.40917,0.32182,41.55136,0.31613,39.11838,0.23378,61.48784,0.31133
10.46323,39.99741,0.31988,41.64696,0.31364,38.65735,0.23171,61.15419,0.30906
10.47325,40.24624,0.31766,41.43676,0.31169,38.73058,0.22959,61.31155,0.30708
10.48419,39.78258,0.31548,41.5083,0.30923,38.34217,0.22792,61.04719,0.30512
10.4942,39.22591,0.31352,41.42247,0.30736,38.78823,0.22561,60.92742,0.30297
10.50504,39.75221,0.31134,40.94998,0.30532,38.29202,0.22312,61.18534,0.30089
10.51604,39.43465,0.30914,41.01568,0.303,37.63912,0.22131,61.14396,0.29873
10.5262,39.20221,0.30715,40.87794,0.30091,38.29343,0.21881,60.40373,0.29718
10.53696,38.95911,0.30505,40.42162,0.29894,38.19864,0.21605,61.14271,0.29446
10.54697,38.8369,0.30297,40.2972,0.29666,38.28472,0.21439,60.83593,0.29228
10.55792,38.91837,0.30069,40.00304,0.29466,37.99537,0.21254,60.56058,0.29016
10.5689,38.5823,0.29859,39.44282,0.2925,38.03321,0.21053,60.60014,0.28792
10.57988,39.02941,0.2963,39.61056,0.29029,37.46773,0.20814,60.27192,0.28622
10.59083,38.28809,0.2943,39.36809,0.28836,37.62665,0.20628,60.27715,0.28375
10.60087,38.23684,0.29229,39.06614,0.28598,37.36675,0.20416,60.08746,0.2818
10.61177,38.45564,0.29015,39.11168,0.28423,37.3477,0.20167,60.4484,0.27906
10.62179,38.3196,0.28817,38.66414,0.28213,37.33634,0.19996,59.95198,0.27739
10.63275,38.35516,0.28593,38.4886,0.2802,37.40892,0.19786,59.86367,0.2749
10.64373,37.49694,0.28348,38.50027,0.27778,37.24219,0.19579,59.9711,0.27314
10.65373,37.91666,0.28184,38.18508,0.27597,37.59738,0.19348,59.53541,0.27129
10.66463,37.78196,0.27961,37.82895,0.27387,37.2067,0.1914,59.69246,0.26907
10.67559,37.53101,0.27749,37.93485,0.2719,37.06335,0.18976,59.78865,0.26654
10.68654,37.07965,0.27533,37.43052,0.26977,36.60146,0.18702,59.25434,0.2647
10.6966,37.1293,0.27327,37.55659,0.26772,36.70445,0.18486,59.19831,0.26284
10.7076,36.84095,0.27111,37.4806,0.26557,36.23609,0.18285,59.15372,0.26058
10.71852,36.78355,0.26901,37.29086,0.26339,36.50679,0.18056,59.42792,0.25836
10.72948,36.45286,0.26668,37.16083,0.26147,36.14614,0.1785,58.94055,0.25617
10.73948,36.17421,0.2648,36.58629,0.25932,35.78588,0.17638,59.15357,0.25399
10.75046,36.0508,0.26265,36.38875,0.25703,36.2314,0.17413,58.80926,0.2519
10.76135,35.80363,0.26018,35.62084,0.25518,35.84751,0.17139,58.35418,0.24994
10.77236,35.67966,0.25835,35.5373,0.25294,35.69475,0.16978,58.38068,0.24791
10.78335,35.10947,0.25619,35.73681,0.25092,35.41253,0.167,58.0613,0.24566
10.79433,35.22923,0.25393,35.29162,0.24879,35.5407,0.16597,58.20215,0.24356
10.80531,34.79991,0.25179,35.22993,0.24662,35.2656,0.16338,57.80185,0.24129
10.81625,34.68247,0.24976,34.99005,0.2447,35.23586,0.16173,57.90322,0.23871
10.82724,34.15724,0.24755,34.87214,0.24247,34.8931,0.15905,57.63432,0.2369
10.83725,34.25182,0.24544,34.68207,0.24031,34.78893,0.15651,57.86537,0.23499
10.84822,34.20164,0.24319,33.91093,0.23804,35.13821,0.15474,57.29766,0.23338
10.85923,33.51994,0.24122,33.81706,0.23583,34.45619,0.15274,57.35978,0.23095
10.86948,33.85837,0.23913,33.40721,0.23407,34.87773,0.15052,57.84208,0.22885
10.88046,33.82358,0.23696,33.41181,0.23191,34.26262,0.14817,57.18543,0.22613
10.89132,33.62004,0.23479,33.49798,0.2296,34.04287,0.14629,57.14409,0.2244
10.90134,33.04323,0.23281,33.10025,0.22752,34.0646,0.14417,56.71918,0.22288
10.91196,32.8912,0.23106,32.59656,0.22562,33.91471,0.14245,56.40205,0.22014
10.92219,32.78598,0.22873,32.96452,0.22315,34.09337,0.14036,56.0923,0.21807
10.93298,32.44706,0.22655,32.50048,0.22104,34.10953,0.13814,56.17715,0.2166
10.94394,32.36069,0.22446,31.95804,0.21929,33.50228,0.13601,55.94991,0.21379
10.954,32.38934,0.22236,31.8918,0.21685,33.31004,0.13393,56.26328,0.21182
10.96495,31.87507,0.22018,31.74398,0.21416,32.78274,0.13166,56.38502,0.20949
10.97574,31.65146,0.2181,31.62379,0.21255,32.84788,0.13,56.10633,0.20757
10.98577,31.66308,0.21609,31.22314,0.21035,32.91202,0.12728,55.6562,0.20536
10.99679,31.29715,0.2139,31.56314,0.20812,33.01179,0.12509,55.52258,0.20313
11.00777,31.22841,0.21183,30.94106,0.20624,32.42202,0.12295,55.31227,0.20104
11.01875,31.20089,0.20965,30.79941,0.20407,31.87271,0.12089,55.21288,0.19905
11.0288,30.69692,0.20757,30.26291,0.20201,31.47222,0.11833,55.15501,0.19715
11.04071,30.59498,0.20512,30.11598,0.19996,31.79463,0.11688,55.1609,0.19474
11.05075,30.11084,0.20325,29.89796,0.19771,31.6282,0.11489,55.13529,0.19269
11.06168,29.8806,0.20053,29.56354,0.19565,31.43208,0.11273,54.10517,0.19114
11.0717,30.0949,0.19905,29.62175,0.19361,31.2952,0.11074,54.91072,0.18855
11.08261,29.40126,0.19696,29.20549,0.19145,31.13784,0.10847,54.75574,0.18649
11.09363,29.2301,0.19468,28.69304,0.18918,30.57201,0.10635,54.48352,0.18444
11.10461,29.3072,0.19258,28.48307,0.1873,30.90259,0.1037,53.97804,0.18216
11.11552,29.03988,0.19044,28.37197,0.18508,29.93016,0.10205,54.05158,0.1801
11.12552,28.89377,0.18871,27.77307,0.18277,30.28268,0.10004,53.58289,0.17812
11.13561,28.69837,0.18641,28.30871,0.18077,29.73336,0.09766,53.69129,0.17667
11.1465,28.39176,0.18421,28.16864,0.17868,29.84188,0.09563,53.96678,0.17394
11.15654,28.1228,0.18231,27.52359,0.17629,29.89762,0.09398,53.46841,0.17176
11.16654,27.85107,0.17994,27.21286,0.17432,29.45504,0.09136,53.09659,0.16955
11.17655,27.51679,0.17834,27.09593,0.17232,29.32618,0.08952,53.20533,0.1676
11.1875,27.51308,0.17621,27.00726,0.1702,28.88369,0.08743,52.75681,0.16534
11.19852,27.09651,0.17442,26.1356,0.1685,29.32556,0.08531,53.06237,0.16334
11.20933,27.22229,0.17193,26.13274,0.1661,29.13591,0.08325,53.0727,0.16124
11.21935,27.12584,0.16987,26.19292,0.16389,28.72257,0.08094,52.01148,0.15913
11.2294,26.98789,0.16782,25.55493,0.16256,28.32897,0.07846,52.31736,0.157
11.24034,26.82363,0.16551,26.11421,0.15982,28.35262,0.07672,52.54422,0.15467
11.25042,26.87076,0.16368,25.18836,0.15777,27.82264,0.07486,52.06971,0.15299
11.26142,26.3845,0.16158,25.13058,0.15498,27.99039,0.07256,51.73188,0.15084
11.27143,25.81764,0.15944,25.24331,0.15318,27.37698,0.07039,51.69365,0.14897
11.28237,25.72037,0.15741,24.49711,0.15162,27.36886,0.06901,51.70367,0.14661
11.29331,25.33463,0.1552,24.35319,0.14942,27.12677,0.06636,52.03158,0.14466
11.30426,25.18136,0.15302,24.20116,0.14745,26.21971,0.06409,51.04185,0.14279
11.31439,25.15903,0.15104,24.15994,0.14517,26.42987,0.06162,51.0198,0.14075
11.32529,25.16323,0.14893,23.82883,0.14298,25.9152,0.05977,50.91565,0.13821
11.33628,24.72937,0.14664,23.58084,0.14079,26.10358,0.05636,51.25392,0.13647
11.3463,24.3734,0.1447,23.50735,0.1388,25.99155,0.0544,50.60563,0.13441
11.35725,24.32576,0.14233,22.9949,0.13678,25.41504,0.05226,50.27137,0.13274
11.36729,24.28112,0.14052,23.13502,0.13472,25.01429,0.05009,50.30078,0.13023
11.37829,24.06628,0.1384,22.89589,0.13248,24.97348,0.04843,49.9208,0.12832
11.38924,23.62021,0.13556,22.27123,0.13055,24.65563,0.046,49.71502,0.12611
11.40032,23.84655,0.13399,22.59302,0.12874,24.37104,0.04396,49.8901,0.12416
11.41124,23.55095,0.13193,22.33625,0.1263,24.33031,0.04121,49.04382,0.12183
11.42224,22.81863,0.12982,22.0811,0.12431,24.16234,0.03965,49.60241,0.11988
11.43321,23.2033,0.12753,21.30346,0.1222,23.70323,0.03773,49.48457,0.11796
11.44323,22.79391,0.12558,21.09228,0.11998,23.50313,0.03575,48.61143,0.11576
11.45419,22.37297,0.12341,21.17977,0.11785,22.75698,0.03387,48.66577,0.11369
11.46425,22.76225,0.12136,20.5344,0.11588,22.90791,0.03139,48.40368,0.11163
11.47504,22.02831,0.11976,19.86261,0.11371,22.63666,0.02923,48.48327,0.10966
11.48588,21.67053,0.11713,20.22071,0.11175,22.52494,0.02748,48.5047,0.10729
11.49601,21.83455,0.11512,19.85052,0.1097,22.03875,0.02509,47.98628,0.10536
11.50697,21.83369,0.11273,20.16516,0.10766,21.77075,0.02292,47.53865,0.10333
11.5179,20.94799,0.11077,19.96916,0.10562,21.03657,0.02072,47.46687,0.10117
11.52892,21.29689,0.10877,19.372,0.10123,20.81777,0.01855,47.14245,0.09787
11.53983,20.81275,0.10648,18.64733,0.09971,21.07423,0.01656,46.85408,0.09602
11.55078,20.26863,0.10421,19.01357,0.09768,21.09016,0.01422,46.76989,0.09407
11.56778,20.06574,0.1013,18.46724,0.09575,20.48385,0.01214,46.44205,0.09195
11.57876,20.08755,0.09908,18.59891,0.0933,19.72702,0.01001,46.44429,0.09002
11.5897,20.20992,0.09693,18.28501,0.0914,19.88862,0.00772,46.42363,0.08771
11.59973,20.01598,0.09496,17.8872,0.08944,19.59635,0.00562,45.65245,0.08564
11.61068,19.50901,0.09329,17.76376,0.08712,19.20144,0.00336,45.55122,0.08322
11.62164,19.41857,0.09059,17.0677,0.08501,19.24485,0.00161,45.2561,0.0814
11.63268,19.05257,0.08841,17.22008,0.08304,19.13614,-8.92E-04,44.88334,0.07893
11.64354,19.05422,0.08625,17.04789,0.08073,19.15563,-0.00305,44.68307,0.07705
11.65453,18.6967,0.08404,16.43494,0.07887,18.53832,-0.00516,44.07014,0.07488
11.66459,18.46356,0.08213,16.16167,0.0768,18.69498,-0.00726,43.84268,0.07275
11.67552,18.22767,0.07994,16.5553,0.07454,17.85912,-0.00943,43.35007,0.07075
11.68652,17.83782,0.07772,16.04838,0.07241,17.64964,-0.01167,42.80093,0.06866
11.69655,17.83594,0.07548,15.22946,0.07046,17.37506,-0.01334,42.53172,0.06645
11.70665,17.84256,0.07366,15.64648,0.06808,16.85551,-0.01543,42.13629,0.06435
11.7176,17.82128,0.07156,15.38427,0.0664,16.01706,-0.01787,42.29614,0.06276
11.72868,17.23753,0.0701,14.80455,0.06368,15.37676,-0.01968,41.87191,0.06006
11.73967,16.62017,0.06728,14.58881,0.06157,15.47815,-0.02183,41.72365,0.05824
11.74974,16.90771,0.06529,14.51867,0.05953,14.76273,-0.02403,40.81883,0.05631
11.76065,16.48704,0.06307,14.56706,0.05745,14.54652,-0.02621,40.96258,0.05387
11.77157,16.03024,0.06099,14.06794,0.05593,14.32181,-0.02818,40.68067,0.05248
11.78161,16.39097,0.05891,13.48757,0.05312,14.10173,-0.03029,40.17845,0.04971
11.79259,15.85533,0.05684,13.40109,0.05112,13.83405,-0.03242,39.75995,0.04774
11.80352,16.07534,0.05472,13.06925,0.04919,13.30469,-0.0347,39.53825,0.04585
11.81453,15.50604,0.05245,12.72319,0.04688,13.05124,-0.03662,39.18528,0.0436
11.8255,15.43764,0.04995,12.62153,0.04483,13.08559,-0.03837,38.71145,0.04151
11.83649,15.11285,0.04812,12.55821,0.04257,12.89748,-0.04067,38.53407,0.0396
11.84742,15.11571,0.04604,12.17047,0.04062,12.59806,-0.04287,37.86356,0.03752
11.85839,14.33371,0.04375,12.00478,0.03852,,,37.79233,0.03548
11.86927,14.36897,0.04161,12.09454,0.03572,,,37.31212,0.03298
11.87932,14.23826,0.03962,10.78718,0.03421,,,36.54961,0.03152
11.88934,14.21093,0.0372,11.02838,0.03202,,,36.53931,0.0292
11.89939,13.80522,0.03572,10.98382,0.02929,,,36.09211,0.02695
11.91026,13.92664,0.03351,10.62802,0.02775,,,35.62194,0.02495
11.92027,13.67149,0.03157,10.04041,0.02585,,,35.35565,0.02281
11.93123,12.96892,0.02944,10.06744,0.02413,,,34.50455,0.02061
11.9413,13.12038,0.02732,10.07593,0.02159,,,34.45599,0.01866
11.95229,12.56143,0.02521,9.76522,0.01965,,,34.2634,0.01668
11.96326,12.71018,0.02278,9.13609,0.01805,,,33.31393,0.0146
11.97419,12.26343,0.02092,9.08829,0.01553,,,32.71624,0.01241
11.98426,11.90737,0.01884,9.03992,0.01329,,,32.43895,0.01053
11.99524,11.70606,0.01707,8.90446,0.01104,,,32.15303,0.00796
12.00606,11.34852,0.0146,8.00724,0.00897,,,31.18836,0.00524
12.01615,11.03899,0.01256,8.07846,0.00681,,,30.97799,0.00429
12.02704,11.06109,0.01041,7.9053,0.00458,,,30.23145,0.00167
12.03734,10.8336,0.00836,7.66909,0.00252,,,29.61168,-3.07E-04
12.04826,10.34975,0.00624,7.16339,4.95E-04,,,28.68876,-0.0017
12.05922,10.287,0.00374,,,,,,
12.0702,9.85755,0.00188,,,,,,
12.08023,9.84368,5.04E-06,,,,,,
